[{"model": "judge.problemdata", "pk": 1, "fields": {"problem": 1, "zipfile": "aplusb/aplusb.zip", "generator": "", "output_prefix": null, "output_limit": null, "feedback": "", "checker": "standard", "grader": "standard", "checker_args": "", "custom_checker": "", "custom_grader": "", "custom_header": "", "grader_args": "{}"}}, {"model": "judge.problemtestcase", "pk": 1, "fields": {"dataset": 1, "order": 1, "type": "C", "input_file": "1.inp", "output_file": "1.out", "generator_args": "", "points": 1, "is_pretest": false, "output_prefix": null, "output_limit": null, "checker": "", "checker_args": ""}}, {"model": "judge.language", "pk": 1, "fields": {"key": "CPP03", "name": "C++03", "short_name": "C++03", "common_name": "C++", "ace": "c_cpp", "pygments": "cpp", "template": "", "info": "", "description": "Compile options: `g++ -Wall -DONLINE_JUDGE -O2 -lm -fmax-errors=5 -march=native -s`", "extension": "cpp", "file_only": false, "file_size_limit": 0, "include_in_problem": true}}, {"model": "judge.language", "pk": 2, "fields": {"key": "CPP11", "name": "C++11", "short_name": "C++11", "common_name": "C++", "ace": "c_cpp", "pygments": "cpp", "template": "", "info": "", "description": "Compile options: `g++ -std=c++11 -Wall -DONLINE_JUDGE -O2 -lm -fmax-errors=5 -march=native -s`", "extension": "cpp", "file_only": false, "file_size_limit": 0, "include_in_problem": true}}, {"model": "judge.language", "pk": 3, "fields": {"key": "CPP14", "name": "C++14", "short_name": "C++14", "common_name": "C++", "ace": "c_cpp", "pygments": "cpp", "template": "", "info": "", "description": "Compile options: `g++ -std=c++14 -Wall -DONLINE_JUDGE -O2 -lm -fmax-errors=5 -march=native -s`", "extension": "cpp", "file_only": false, "file_size_limit": 0, "include_in_problem": true}}, {"model": "judge.language", "pk": 4, "fields": {"key": "CPP17", "name": "C++17", "short_name": "C++17", "common_name": "C++", "ace": "c_cpp", "pygments": "cpp", "template": "", "info": "", "description": "Compile options: `g++ -std=c++17 -Wall -DONLINE_JUDGE -O2 -lm -fmax-errors=5 -march=native -s`", "extension": "cpp", "file_only": false, "file_size_limit": 0, "include_in_problem": true}}, {"model": "judge.language", "pk": 5, "fields": {"key": "C", "name": "C", "short_name": null, "common_name": "C", "ace": "c_cpp", "pygments": "c", "template": "", "info": "", "description": "Compile options: `gcc -std=c99 -Wall -DONLINE_JUDGE -O2 -lm -fmax-errors=5 -march=native -s`", "extension": "c", "file_only": false, "file_size_limit": 0, "include_in_problem": true}}, {"model": "judge.language", "pk": 6, "fields": {"key": "C11", "name": "C11", "short_name": null, "common_name": "C", "ace": "c_cpp", "pygments": "cpp", "template": "", "info": "", "description": "Compile options: `gcc -std=c11 -Wall -DONLINE_JUDGE -O2 -lm -fmax-errors=5 -march=native -s`", "extension": "c", "file_only": false, "file_size_limit": 0, "include_in_problem": true}}, {"model": "judge.language", "pk": 7, "fields": {"key": "PAS", "name": "Pascal", "short_name": null, "common_name": "Pascal", "ace": "pascal", "pygments": "pascal", "template": "", "info": "", "description": "", "extension": "pas", "file_only": false, "file_size_limit": 0, "include_in_problem": true}}, {"model": "judge.language", "pk": 8, "fields": {"key": "PY2", "name": "Python 2", "short_name": null, "common_name": "Python", "ace": "python", "pygments": "python", "template": "", "info": "", "description": "", "extension": "py", "file_only": false, "file_size_limit": 0, "include_in_problem": true}}, {"model": "judge.language", "pk": 9, "fields": {"key": "PY3", "name": "Python 3", "short_name": null, "common_name": "Python", "ace": "python", "pygments": "python3", "template": "", "info": "", "description": "", "extension": "py", "file_only": false, "file_size_limit": 0, "include_in_problem": true}}, {"model": "judge.language", "pk": 10, "fields": {"key": "JAVA8", "name": "Java 8", "short_name": null, "common_name": "Java", "ace": "java", "pygments": "java", "template": "", "info": "", "description": "Compile options: `javac -encoding UTF-8 -profile compact1`", "extension": "java", "file_only": false, "file_size_limit": 0, "include_in_problem": true}}, {"model": "judge.language", "pk": 11, "fields": {"key": "TEXT", "name": "Text", "short_name": null, "common_name": "Text", "ace": "text", "pygments": "text", "template": "", "info": "", "description": "", "extension": "txt", "file_only": false, "file_size_limit": 0, "include_in_problem": true}}, {"model": "judge.runtimeversion", "pk": 114, "fields": {"language": 5, "judge": 1, "name": "gcc", "version": "11", "priority": 0}}, {"model": "judge.runtimeversion", "pk": 115, "fields": {"language": 6, "judge": 1, "name": "gcc11", "version": "11", "priority": 0}}, {"model": "judge.runtimeversion", "pk": 116, "fields": {"language": 1, "judge": 1, "name": "g++", "version": "11", "priority": 0}}, {"model": "judge.runtimeversion", "pk": 117, "fields": {"language": 2, "judge": 1, "name": "g++11", "version": "11", "priority": 0}}, {"model": "judge.runtimeversion", "pk": 118, "fields": {"language": 3, "judge": 1, "name": "g++14", "version": "11", "priority": 0}}, {"model": "judge.runtimeversion", "pk": 119, "fields": {"language": 4, "judge": 1, "name": "g++17", "version": "11", "priority": 0}}, {"model": "judge.runtimeversion", "pk": 120, "fields": {"language": 7, "judge": 1, "name": "fpc", "version": "3.2.2", "priority": 0}}, {"model": "judge.runtimeversion", "pk": 121, "fields": {"language": 9, "judge": 1, "name": "python3", "version": "3.9.10", "priority": 0}}, {"model": "judge.judge", "pk": 1, "fields": {"name": "oi_judge00", "created": "2022-03-11T06:58:02.397Z", "auth_key": "7G3ZCBPfiobaxvOlU+uLgAH+tTYJl2M1X8w6GsZ1/hADf0x0KVq/8fJK8NgqKvwxcQGhecss8VwY1zE2Or+B/Ld5Amot/h/jkfY0", "is_blocked": false, "online": true, "start_time": "2022-03-11T11:52:32.542Z", "ping": 0.0009468793869018555, "load": 0.0, "description": "", "last_ip": "172.17.0.2", "problems": [1], "runtimes": [5, 6, 1, 2, 3, 4, 7, 9]}}, {"model": "judge.organization", "pk": 1, "fields": {"name": "CVPOJ: Chuyen Vinh Phuc Online Judge", "slug": "cvpoj", "short_name": "CVPOJ", "about": "This is a sample organization. You can use organizations to split up your user base, host private contests, and more.", "creation_date": "2017-12-02T08:50:25.199Z", "is_open": true, "is_unlisted": true, "slots": null, "access_code": null, "logo_override_image": "", "performance_points": 1.05, "member_count": 2, "admins": [1]}}, {"model": "judge.problemtype", "pk": 1, "fields": {"name": "uncategorized", "full_name": "Ch\u01b0a ph\u00e2n lo\u1ea1i"}}, {"model": "judge.problemgroup", "pk": 1, "fields": {"name": "Uncategorized", "full_name": "Ch\u01b0a ph\u00e2n lo\u1ea1i"}}, {"model": "judge.problem", "pk": 1, "fields": {"code": "aplusb", "name": "A Plus B", "pdf_url": "", "source": "", "description": "Tudor is sitting in math class, on his laptop. Clearly, he is not paying attention in this situation. However, he gets called on by his math teacher to do some problems. Since his math teacher did not expect much from Tudor, he only needs to do some simple addition problems. However, simple for you and I may not be simple for Tudor, so please help him!\r\n\r\n## Input Specification\r\n\r\nThe first line will contain an integer ~N~ (~1 \\le N \\le 100\\,000~), the number of addition problems Tudor needs to do. The next ~N~ lines will each contain two space-separated integers whose absolute value is less than ~1\\,000\\,000\\,000~, the two integers Tudor needs to add.\r\n\r\n## Output Specification\r\n\r\nOutput ~N~ lines of one integer each, the solutions to the addition problems in order.\r\n\r\n## Sample Input\r\n\r\n    2\r\n    1 1\r\n    -1 0\r\n\r\n## Sample Output\r\n\r\n    2\r\n    -1", "group": 1, "time_limit": 2.0, "memory_limit": 65536, "short_circuit": false, "points": 1.0, "partial": true, "is_public": true, "is_manually_managed": false, "date": "2017-12-02T05:00:00Z", "license": null, "og_image": "", "summary": "", "user_count": 1, "ac_rate": 100.0, "is_full_markup": false, "submission_source_visibility_mode": "F", "testcase_visibility_mode": "O", "is_organization_private": false, "suggester": null, "authors": [1], "curators": [], "testers": [], "types": [1], "allowed_languages": [5, 6, 1, 2, 3, 4, 10, 7, 8, 9, 11], "banned_users": [], "organizations": []}}, {"model": "judge.submission", "pk": 1, "fields": {"user": 2, "problem": 1, "date": "2022-03-11T10:47:39.145Z", "time": 0.006240426, "memory": 1684.0, "points": 1.0, "language": 3, "status": "D", "result": "AC", "error": "", "current_testcase": 2, "batch": false, "case_points": 1.0, "case_total": 1.0, "judged_on": 1, "judged_date": "2022-03-11T11:00:09.875Z", "rejudged_date": "2022-03-11T11:00:07.452Z", "is_pretested": false, "contest_object": null, "locked_after": null}}, {"model": "judge.submission", "pk": 2, "fields": {"user": 2, "problem": 1, "date": "2022-03-11T11:06:49.180Z", "time": 0.113365158, "memory": 1672.0, "points": 1.0, "language": 4, "status": "D", "result": "AC", "error": "", "current_testcase": 2, "batch": false, "case_points": 1.0, "case_total": 1.0, "judged_on": 1, "judged_date": "2022-03-11T13:37:29.562Z", "rejudged_date": "2022-03-11T13:37:23.722Z", "is_pretested": false, "contest_object": 1, "locked_after": null}}, {"model": "judge.submissionsource", "pk": 1, "fields": {"submission": 1, "source": "#include<bits/stdc++.h>\r\nusing namespace std;\r\n\r\nint main() {\r\n    int a, b; cin >> a >> b;\r\n    cout << a + b << \"\\n\";\r\n    \r\n    return 0;\r\n}"}}, {"model": "judge.submissionsource", "pk": 2, "fields": {"submission": 2, "source": "#include<bits/stdc++.h>\r\nusing namespace std;\r\n\r\nint main() {\r\n    int a, b; cin >> a >> b;\r\n    cout << a + b << \"\\n\";\r\n    \r\n    return 0;\r\n}"}}, {"model": "judge.submissiontestcase", "pk": 6, "fields": {"submission": 1, "case": 1, "status": "AC", "time": 0.006240426, "memory": 1684.0, "points": 1.0, "total": 1.0, "batch": null, "feedback": "", "extended_feedback": "", "output": "3\n"}}, {"model": "judge.submissiontestcase", "pk": 11, "fields": {"submission": 2, "case": 1, "status": "AC", "time": 0.113365158, "memory": 1672.0, "points": 1.0, "total": 1.0, "batch": null, "feedback": "", "extended_feedback": "", "output": "3\n"}}, {"model": "judge.contest", "pk": 1, "fields": {"key": "test", "name": "Test", "description": "", "start_time": "2022-03-11T11:00:00Z", "end_time": "2022-03-11T12:00:00Z", "time_limit": null, "frozen_last_minutes": 0, "is_visible": true, "is_rated": false, "scoreboard_visibility": "V", "scoreboard_cache_timeout": 0, "show_submission_list": true, "use_clarifications": true, "push_announcements": false, "rating_floor": null, "rating_ceiling": null, "rate_all": false, "is_private": false, "hide_problem_tags": true, "hide_problem_authors": true, "run_pretests_only": false, "show_short_display": false, "is_organization_private": false, "og_image": "", "logo_override_image": "", "user_count": 1, "virtual_count": 1, "summary": "", "access_code": "", "format_name": "default", "format_config": null, "problem_label_script": "", "locked_after": null, "points_precision": 3, "csv_ranking": "", "data_last_downloaded": null, "disallow_virtual": false, "authors": [2], "curators": [], "testers": [], "view_contest_scoreboard": [], "rate_exclude": [], "private_contestants": [], "organizations": [], "tags": [], "banned_users": [], "banned_judges": []}}, {"model": "judge.contestannouncement", "pk": 1, "fields": {"contest": 1, "title": "Hola", "description": "Hello", "date": "2022-03-11T13:39:41.890Z"}}, {"model": "judge.contestparticipation", "pk": 1, "fields": {"contest": 1, "user": 2, "real_start": "2022-03-11T11:06:12.138Z", "score": 10.0, "cumtime": 409, "frozen_score": 0.0, "frozen_cumtime": 0, "is_disqualified": false, "tiebreaker": 0.0, "frozen_tiebreaker": 0.0, "virtual": -1, "format_data": "{\"1\": {\"time\": 409.180448, \"points\": 10.0}}"}}, {"model": "judge.contestproblem", "pk": 1, "fields": {"problem": 1, "contest": 1, "points": 10, "partial": true, "is_pretested": false, "order": 1, "output_prefix_override": 0, "max_submissions": 1}}, {"model": "judge.contestsubmission", "pk": 1, "fields": {"submission": 2, "problem": 1, "participation": 1, "points": 10.0, "is_pretest": false}}, {"model": "judge.contestmoss", "pk": 1, "fields": {"contest": 1, "problem": 1, "language": "C", "submission_count": 0, "url": null}}, {"model": "judge.contestmoss", "pk": 2, "fields": {"contest": 1, "problem": 1, "language": "C++", "submission_count": 2, "url": "http://moss.stanford.edu/results/8/8334567210144"}}, {"model": "judge.contestmoss", "pk": 3, "fields": {"contest": 1, "problem": 1, "language": "Java", "submission_count": 0, "url": null}}, {"model": "judge.contestmoss", "pk": 4, "fields": {"contest": 1, "problem": 1, "language": "Python", "submission_count": 0, "url": null}}, {"model": "judge.contestmoss", "pk": 5, "fields": {"contest": 1, "problem": 1, "language": "Pascal", "submission_count": 0, "url": null}}, {"model": "judge.navigationbar", "pk": 1, "fields": {"order": 1, "key": "problems", "label": "PRoblems", "path": "/problems/", "regex": "^/problem", "parent": null, "lft": 1, "rght": 2, "tree_id": 1, "level": 0}}, {"model": "judge.navigationbar", "pk": 2, "fields": {"order": 2, "key": "submit", "label": "Submissions", "path": "/submissions/", "regex": "^/submi|^/src/", "parent": null, "lft": 1, "rght": 2, "tree_id": 2, "level": 0}}, {"model": "judge.navigationbar", "pk": 3, "fields": {"order": 3, "key": "user", "label": "Users", "path": "/users/", "regex": "^/user", "parent": null, "lft": 1, "rght": 2, "tree_id": 3, "level": 0}}, {"model": "judge.navigationbar", "pk": 4, "fields": {"order": 4, "key": "contest", "label": "Contests", "path": "/contests/", "regex": "^/contest", "parent": null, "lft": 1, "rght": 2, "tree_id": 4, "level": 0}}, {"model": "judge.navigationbar", "pk": 5, "fields": {"order": 5, "key": "about", "label": "About", "path": "/about/", "regex": "^/about/$", "parent": null, "lft": 1, "rght": 8, "tree_id": 5, "level": 0}}, {"model": "judge.navigationbar", "pk": 6, "fields": {"order": 6, "key": "status", "label": "Judges", "path": "/status/", "regex": "^/status/$|^/judge/", "parent": 5, "lft": 2, "rght": 3, "tree_id": 5, "level": 1}}, {"model": "judge.navigationbar", "pk": 7, "fields": {"order": 7, "key": "checkers", "label": "Custom Checkers", "path": "/custom_checkers/", "regex": "^/custom_checkers/$", "parent": 5, "lft": 4, "rght": 5, "tree_id": 5, "level": 1}}, {"model": "judge.navigationbar", "pk": 8, "fields": {"order": 8, "key": "github", "label": "Github", "path": "https://github.com/VNOI-Admin/OJ", "regex": "^https://github.com/VNOI-Admin/OJ$", "parent": 5, "lft": 6, "rght": 7, "tree_id": 5, "level": 1}}, {"model": "judge.blogpost", "pk": 1, "fields": {"title": "Ch\u00e0o m\u1eebng b\u1ea1n \u0111\u1ebfn v\u1edbi CVPOJ", "slug": "welcome-to-cvpoj", "visible": true, "sticky": true, "publish_on": "2017-12-02T05:00:00Z", "content": "Ch\u00e0o m\u1eebng b\u1ea1n \u0111\u1ebfn v\u1edbi CVPOJ.\r\n\r\nCVPOJ - Chuyen Vinh Phuc Online Judge - l\u00e0 h\u1ec7 th\u1ed1ng online judge c\u1ee7a [Tr\u01b0\u1eddng THPT Chuy\u00ean V\u0129nh Ph\u00fac](https://cvp.vn/)\r\n\r\n![](http://cvppv.000webhostapp.com/logo_1.png)", "summary": "", "og_image": "", "global_post": true, "organization": null, "authors": [1]}}, {"model": "judge.comment", "pk": 1, "fields": {"author": 1, "time": "2017-12-02T08:46:54.007Z", "page": "b:1", "score": 0, "body": "This is your first comment!", "hidden": false, "parent": null, "lft": 1, "rght": 2, "tree_id": 1, "level": 0}}, {"model": "contenttypes.contenttype", "pk": 1, "fields": {"app_label": "admin", "model": "logentry"}}, {"model": "contenttypes.contenttype", "pk": 2, "fields": {"app_label": "judge", "model": "blogpost"}}, {"model": "contenttypes.contenttype", "pk": 3, "fields": {"app_label": "judge", "model": "comment"}}, {"model": "contenttypes.contenttype", "pk": 4, "fields": {"app_label": "judge", "model": "commentlock"}}, {"model": "contenttypes.contenttype", "pk": 5, "fields": {"app_label": "judge", "model": "commentvote"}}, {"model": "contenttypes.contenttype", "pk": 6, "fields": {"app_label": "judge", "model": "contest"}}, {"model": "contenttypes.contenttype", "pk": 7, "fields": {"app_label": "judge", "model": "contestparticipation"}}, {"model": "contenttypes.contenttype", "pk": 8, "fields": {"app_label": "judge", "model": "contestproblem"}}, {"model": "contenttypes.contenttype", "pk": 9, "fields": {"app_label": "judge", "model": "contestsubmission"}}, {"model": "contenttypes.contenttype", "pk": 10, "fields": {"app_label": "judge", "model": "contesttag"}}, {"model": "contenttypes.contenttype", "pk": 11, "fields": {"app_label": "judge", "model": "judge"}}, {"model": "contenttypes.contenttype", "pk": 12, "fields": {"app_label": "judge", "model": "language"}}, {"model": "contenttypes.contenttype", "pk": 13, "fields": {"app_label": "judge", "model": "languagelimit"}}, {"model": "contenttypes.contenttype", "pk": 14, "fields": {"app_label": "judge", "model": "license"}}, {"model": "contenttypes.contenttype", "pk": 15, "fields": {"app_label": "judge", "model": "miscconfig"}}, {"model": "contenttypes.contenttype", "pk": 16, "fields": {"app_label": "judge", "model": "navigationbar"}}, {"model": "contenttypes.contenttype", "pk": 17, "fields": {"app_label": "judge", "model": "organization"}}, {"model": "contenttypes.contenttype", "pk": 18, "fields": {"app_label": "judge", "model": "organizationrequest"}}, {"model": "contenttypes.contenttype", "pk": 19, "fields": {"app_label": "judge", "model": "problem"}}, {"model": "contenttypes.contenttype", "pk": 20, "fields": {"app_label": "judge", "model": "problemclarification"}}, {"model": "contenttypes.contenttype", "pk": 21, "fields": {"app_label": "judge", "model": "problemdata"}}, {"model": "contenttypes.contenttype", "pk": 22, "fields": {"app_label": "judge", "model": "problemgroup"}}, {"model": "contenttypes.contenttype", "pk": 23, "fields": {"app_label": "judge", "model": "problemtestcase"}}, {"model": "contenttypes.contenttype", "pk": 24, "fields": {"app_label": "judge", "model": "problemtranslation"}}, {"model": "contenttypes.contenttype", "pk": 25, "fields": {"app_label": "judge", "model": "problemtype"}}, {"model": "contenttypes.contenttype", "pk": 26, "fields": {"app_label": "judge", "model": "profile"}}, {"model": "contenttypes.contenttype", "pk": 27, "fields": {"app_label": "judge", "model": "rating"}}, {"model": "contenttypes.contenttype", "pk": 28, "fields": {"app_label": "judge", "model": "runtimeversion"}}, {"model": "contenttypes.contenttype", "pk": 29, "fields": {"app_label": "judge", "model": "solution"}}, {"model": "contenttypes.contenttype", "pk": 30, "fields": {"app_label": "judge", "model": "submission"}}, {"model": "contenttypes.contenttype", "pk": 31, "fields": {"app_label": "judge", "model": "submissiontestcase"}}, {"model": "contenttypes.contenttype", "pk": 32, "fields": {"app_label": "judge", "model": "ticket"}}, {"model": "contenttypes.contenttype", "pk": 33, "fields": {"app_label": "judge", "model": "ticketmessage"}}, {"model": "contenttypes.contenttype", "pk": 34, "fields": {"app_label": "judge", "model": "submissionsource"}}, {"model": "contenttypes.contenttype", "pk": 35, "fields": {"app_label": "judge", "model": "contestmoss"}}, {"model": "contenttypes.contenttype", "pk": 36, "fields": {"app_label": "judge", "model": "webauthncredential"}}, {"model": "contenttypes.contenttype", "pk": 37, "fields": {"app_label": "judge", "model": "generalissue"}}, {"model": "contenttypes.contenttype", "pk": 38, "fields": {"app_label": "judge", "model": "tag"}}, {"model": "contenttypes.contenttype", "pk": 39, "fields": {"app_label": "judge", "model": "tagdata"}}, {"model": "contenttypes.contenttype", "pk": 40, "fields": {"app_label": "judge", "model": "taggroup"}}, {"model": "contenttypes.contenttype", "pk": 41, "fields": {"app_label": "judge", "model": "tagproblem"}}, {"model": "contenttypes.contenttype", "pk": 42, "fields": {"app_label": "judge", "model": "contestannouncement"}}, {"model": "contenttypes.contenttype", "pk": 43, "fields": {"app_label": "auth", "model": "permission"}}, {"model": "contenttypes.contenttype", "pk": 44, "fields": {"app_label": "auth", "model": "group"}}, {"model": "contenttypes.contenttype", "pk": 45, "fields": {"app_label": "auth", "model": "user"}}, {"model": "contenttypes.contenttype", "pk": 46, "fields": {"app_label": "contenttypes", "model": "contenttype"}}, {"model": "contenttypes.contenttype", "pk": 47, "fields": {"app_label": "flatpages", "model": "flatpage"}}, {"model": "contenttypes.contenttype", "pk": 48, "fields": {"app_label": "sessions", "model": "session"}}, {"model": "contenttypes.contenttype", "pk": 49, "fields": {"app_label": "redirects", "model": "redirect"}}, {"model": "contenttypes.contenttype", "pk": 50, "fields": {"app_label": "sites", "model": "site"}}, {"model": "contenttypes.contenttype", "pk": 51, "fields": {"app_label": "registration", "model": "registrationprofile"}}, {"model": "contenttypes.contenttype", "pk": 52, "fields": {"app_label": "registration", "model": "supervisedregistrationprofile"}}, {"model": "contenttypes.contenttype", "pk": 53, "fields": {"app_label": "reversion", "model": "revision"}}, {"model": "contenttypes.contenttype", "pk": 54, "fields": {"app_label": "reversion", "model": "version"}}, {"model": "contenttypes.contenttype", "pk": 55, "fields": {"app_label": "social_django", "model": "association"}}, {"model": "contenttypes.contenttype", "pk": 56, "fields": {"app_label": "social_django", "model": "code"}}, {"model": "contenttypes.contenttype", "pk": 57, "fields": {"app_label": "social_django", "model": "nonce"}}, {"model": "contenttypes.contenttype", "pk": 58, "fields": {"app_label": "social_django", "model": "usersocialauth"}}, {"model": "contenttypes.contenttype", "pk": 59, "fields": {"app_label": "social_django", "model": "partial"}}, {"model": "contenttypes.contenttype", "pk": 60, "fields": {"app_label": "impersonate", "model": "impersonationlog"}}, {"model": "sessions.session", "pk": "15tvqr4czerd63in93nws07qz3f0n1gs", "fields": {"session_data": "ZjBlMjhkZmZjODIyYzIzMWMzNTY5MjA2YzM3Y2E5ZDFkOTkyMjI5Nzp7InBhc3N3b3JkX3B3bmVkIjpmYWxzZSwiX2F1dGhfdXNlcl9pZCI6IjEiLCJfYXV0aF91c2VyX2JhY2tlbmQiOiJkamFuZ28uY29udHJpYi5hdXRoLmJhY2tlbmRzLk1vZGVsQmFja2VuZCIsIl9hdXRoX3VzZXJfaGFzaCI6IjI4ODQ3ZWI0NzM0MjIwODY1Y2RmYzhiZmY0YzQ4YTUyODZkMmYwYWIifQ==", "expire_date": "2022-03-25T12:08:36.703Z"}}, {"model": "sessions.session", "pk": "1736yc91z26jab7h5k8lcduhx8cto8j5", "fields": {"session_data": "NTFhMWE5MGM3ODUzYzNkODkxZGU3MTc1MTk4NjU0MTUwOWY3NjNkMjp7InBhc3N3b3JkX3B3bmVkIjpmYWxzZSwiX2F1dGhfdXNlcl9pZCI6IjIiLCJfYXV0aF91c2VyX2JhY2tlbmQiOiJkamFuZ28uY29udHJpYi5hdXRoLmJhY2tlbmRzLk1vZGVsQmFja2VuZCIsIl9hdXRoX3VzZXJfaGFzaCI6IjAzNTVkOGEwZTQwMDM0ODhlMjlhMDdlNTU2MDExYzg0MjEwNWY5ZWMifQ==", "expire_date": "2022-03-25T13:37:14.573Z"}}, {"model": "sessions.session", "pk": "979hmw0fbdzt16kb1wgqshna1djobxdt", "fields": {"session_data": "NTFhMWE5MGM3ODUzYzNkODkxZGU3MTc1MTk4NjU0MTUwOWY3NjNkMjp7InBhc3N3b3JkX3B3bmVkIjpmYWxzZSwiX2F1dGhfdXNlcl9pZCI6IjIiLCJfYXV0aF91c2VyX2JhY2tlbmQiOiJkamFuZ28uY29udHJpYi5hdXRoLmJhY2tlbmRzLk1vZGVsQmFja2VuZCIsIl9hdXRoX3VzZXJfaGFzaCI6IjAzNTVkOGEwZTQwMDM0ODhlMjlhMDdlNTU2MDExYzg0MjEwNWY5ZWMifQ==", "expire_date": "2022-03-25T06:12:19.591Z"}}, {"model": "sessions.session", "pk": "in48f0jonrixyqe62vilwwl6nczjw6nh", "fields": {"session_data": "MDNiYWQ1NTcxMzkxYjhkYTI5M2M2NmYyMmFjZTEzZDYyNTdkMmZkYjp7Il9hdXRoX3VzZXJfaWQiOiI3IiwiX2F1dGhfdXNlcl9iYWNrZW5kIjoiZGphbmdvLmNvbnRyaWIuYXV0aC5iYWNrZW5kcy5Nb2RlbEJhY2tlbmQiLCJfYXV0aF91c2VyX2hhc2giOiJmOGRhNjQ4NDU3NzdkNzQ5NWRjY2RiMjUzZTczZDVlMWI2NGIxMzJmIn0=", "expire_date": "2022-03-25T11:54:20.213Z"}}, {"model": "sessions.session", "pk": "jwyynwagc1bn9o6zi0a3ilyhq9utwemi", "fields": {"session_data": "NTcxOTlhODM2ZTY2YzhlMDMxOTk5MDQzM2U0YWVlZTE3MmUwYzRjOTp7InBhc3N3b3JkX3B3bmVkIjpmYWxzZSwiX2F1dGhfdXNlcl9pZCI6IjIiLCJfYXV0aF91c2VyX2JhY2tlbmQiOiJkamFuZ28uY29udHJpYi5hdXRoLmJhY2tlbmRzLk1vZGVsQmFja2VuZCIsIl9hdXRoX3VzZXJfaGFzaCI6IjAzNTVkOGEwZTQwMDM0ODhlMjlhMDdlNTU2MDExYzg0MjEwNWY5ZWMiLCJfbGFuZ3VhZ2UiOiJlbiIsInNob3dfdmlydHVhbCI6ZmFsc2V9", "expire_date": "2022-03-25T13:08:19.165Z"}}, {"model": "sites.site", "pk": 1, "fields": {"domain": "cvpoi.com", "name": "CVPOJ: Chuyen Vinh Phuc Online Judge"}}, {"model": "reversion.version", "pk": 1, "fields": {"revision": 1, "object_id": "1", "content_type": 11, "db": "default", "format": "json", "serialized_data": "[{\"model\": \"judge.judge\", \"pk\": 1, \"fields\": {\"name\": \"oi_judge00\", \"created\": \"2022-03-11T06:58:02.397Z\", \"auth_key\": \"7G3ZCBPfiobaxvOlU+uLgAH+tTYJl2M1X8w6GsZ1/hADf0x0KVq/8fJK8NgqKvwxcQGhecss8VwY1zE2Or+B/Ld5Amot/h/jkfY0\", \"description\": \"\"}}]", "object_repr": "oi_judge00"}}, {"model": "reversion.version", "pk": 2, "fields": {"revision": 2, "object_id": "1", "content_type": 19, "db": "default", "format": "json", "serialized_data": "[{\"model\": \"judge.problem\", \"pk\": 1, \"fields\": {\"code\": \"aplusb\", \"name\": \"A Plus B\", \"pdf_url\": \"\", \"source\": \"\", \"description\": \"Tudor is sitting in math class, on his laptop. Clearly, he is not paying attention in this situation. However, he gets called on by his math teacher to do some problems. Since his math teacher did not expect much from Tudor, he only needs to do some simple addition problems. However, simple for you and I may not be simple for Tudor, so please help him!\\r\\n\\r\\n## Input Specification\\r\\n\\r\\nThe first line will contain an integer ~N~ (~1 \\\\le N \\\\le 100\\\\,000~), the number of addition problems Tudor needs to do. The next ~N~ lines will each contain two space-separated integers whose absolute value is less than ~1\\\\,000\\\\,000\\\\,000~, the two integers Tudor needs to add.\\r\\n\\r\\n## Output Specification\\r\\n\\r\\nOutput ~N~ lines of one integer each, the solutions to the addition problems in order.\\r\\n\\r\\n## Sample Input\\r\\n\\r\\n    2\\r\\n    1 1\\r\\n    -1 0\\r\\n\\r\\n## Sample Output\\r\\n\\r\\n    2\\r\\n    -1\", \"group\": 1, \"time_limit\": 2.0, \"memory_limit\": 65536, \"short_circuit\": false, \"points\": 1.0, \"partial\": true, \"is_public\": true, \"is_manually_managed\": false, \"date\": \"2017-12-02T12:00:00+07:00\", \"license\": null, \"og_image\": \"\", \"summary\": \"\", \"user_count\": 0, \"ac_rate\": 0.0, \"is_full_markup\": false, \"submission_source_visibility_mode\": \"F\", \"testcase_visibility_mode\": \"O\", \"is_organization_private\": false, \"suggester\": null, \"authors\": [1], \"curators\": [], \"testers\": [], \"types\": [1], \"allowed_languages\": [5, 6, 1, 2, 3, 4, 10, 7, 8, 9], \"banned_users\": [], \"organizations\": []}}]", "object_repr": "A Plus B"}}, {"model": "reversion.version", "pk": 3, "fields": {"revision": 3, "object_id": "2", "content_type": 19, "db": "default", "format": "json", "serialized_data": "[{\"model\": \"judge.problem\", \"pk\": 2, \"fields\": {\"code\": \"aplusb2\", \"name\": \"A Plus B\", \"pdf_url\": \"\", \"source\": \"\", \"description\": \"Tudor is sitting in math class, on his laptop. Clearly, he is not paying attention in this situation. However, he gets called on by his math teacher to do some problems. Since his math teacher did not expect much from Tudor, he only needs to do some simple addition problems. However, simple for you and I may not be simple for Tudor, so please help him!\\r\\n\\r\\n## Input Specification\\r\\n\\r\\nThe first line will contain an integer ~N~ (~1 \\\\le N \\\\le 100\\\\,000~), the number of addition problems Tudor needs to do. The next ~N~ lines will each contain two space-separated integers whose absolute value is less than ~1\\\\,000\\\\,000\\\\,000~, the two integers Tudor needs to add.\\r\\n\\r\\n## Output Specification\\r\\n\\r\\nOutput ~N~ lines of one integer each, the solutions to the addition problems in order.\\r\\n\\r\\n## Sample Input\\r\\n\\r\\n    2\\r\\n    1 1\\r\\n    -1 0\\r\\n\\r\\n## Sample Output\\r\\n\\r\\n    2\\r\\n    -1\", \"group\": 1, \"time_limit\": 2.0, \"memory_limit\": 65536, \"short_circuit\": false, \"points\": 1.0, \"partial\": true, \"is_public\": false, \"is_manually_managed\": false, \"date\": \"2022-03-11T08:25:39.118Z\", \"license\": null, \"og_image\": \"\", \"summary\": \"\", \"user_count\": 0, \"ac_rate\": 0, \"is_full_markup\": false, \"submission_source_visibility_mode\": \"F\", \"testcase_visibility_mode\": \"O\", \"is_organization_private\": false, \"suggester\": null, \"authors\": [], \"curators\": [2], \"testers\": [], \"types\": [1], \"allowed_languages\": [5, 6, 1, 2, 3, 4, 10, 7, 8, 9], \"banned_users\": [], \"organizations\": []}}]", "object_repr": "A Plus B"}}, {"model": "reversion.version", "pk": 4, "fields": {"revision": 4, "object_id": "2", "content_type": 19, "db": "default", "format": "json", "serialized_data": "[{\"model\": \"judge.problem\", \"pk\": 2, \"fields\": {\"code\": \"aplusb2\", \"name\": \"A Plus B\", \"pdf_url\": \"\", \"source\": \"\", \"description\": \"Tudor is sitting in math class, on his laptop. Clearly, he is not paying attention in this situation. However, he gets called on by his math teacher to do some problems. Since his math teacher did not expect much from Tudor, he only needs to do some simple addition problems. However, simple for you and I may not be simple for Tudor, so please help him!\\r\\n\\r\\n## Input Specification\\r\\n\\r\\nThe first line will contain an integer ~N~ (~1 \\\\le N \\\\le 100\\\\,000~), the number of addition problems Tudor needs to do. The next ~N~ lines will each contain two space-separated integers whose absolute value is less than ~1\\\\,000\\\\,000\\\\,000~, the two integers Tudor needs to add.\\r\\n\\r\\n## Output Specification\\r\\n\\r\\nOutput ~N~ lines of one integer each, the solutions to the addition problems in order.\\r\\n\\r\\n## Sample Input\\r\\n\\r\\n    2\\r\\n    1 1\\r\\n    -1 0\\r\\n\\r\\n## Sample Output\\r\\n\\r\\n    2\\r\\n    -1\", \"group\": 1, \"time_limit\": 2.0, \"memory_limit\": 65536, \"short_circuit\": false, \"points\": 1.0, \"partial\": true, \"is_public\": false, \"is_manually_managed\": false, \"date\": \"2022-03-11T08:25:39.118Z\", \"license\": null, \"og_image\": \"\", \"summary\": \"\", \"user_count\": 0, \"ac_rate\": 0.0, \"is_full_markup\": false, \"submission_source_visibility_mode\": \"F\", \"testcase_visibility_mode\": \"O\", \"is_organization_private\": false, \"suggester\": null, \"authors\": [], \"curators\": [2], \"testers\": [], \"types\": [1], \"allowed_languages\": [5, 6, 1, 2, 3, 4, 10, 7, 8, 9], \"banned_users\": [], \"organizations\": []}}]", "object_repr": "A Plus B"}}, {"model": "reversion.version", "pk": 5, "fields": {"revision": 5, "object_id": "1", "content_type": 11, "db": "default", "format": "json", "serialized_data": "[{\"model\": \"judge.judge\", \"pk\": 1, \"fields\": {\"name\": \"oi_judge00\", \"created\": \"2022-03-11T06:58:02.397Z\", \"auth_key\": \"7G3ZCBPfiobaxvOlU+uLgAH+tTYJl2M1X8w6GsZ1/hADf0x0KVq/8fJK8NgqKvwxcQGhecss8VwY1zE2Or+B/Ld5Amot/h/jkfY0\", \"description\": \"\"}}]", "object_repr": "oi_judge00"}}, {"model": "reversion.version", "pk": 6, "fields": {"revision": 6, "object_id": "1", "content_type": 2, "db": "default", "format": "json", "serialized_data": "[{\"model\": \"judge.blogpost\", \"pk\": 1, \"fields\": {\"title\": \"Ch\\u00e0o m\\u1eebng b\\u1ea1n \\u0111\\u1ebfn v\\u1edbi CVPOJ\", \"slug\": \"welcome-to-cvpoj\", \"visible\": true, \"sticky\": true, \"publish_on\": \"2017-12-02T12:00:00+07:00\", \"content\": \"Ch\\u00e0o m\\u1eebng b\\u1ea1n \\u0111\\u1ebfn v\\u1edbi VNOJ.\\r\\n\\r\\nVNOJ - Chuyen Vinh Phuc Online Judge - l\\u00e0 h\\u1ec7 th\\u1ed1ng online judge ch\\u00ednh th\\u1ee9c c\\u1ee7a Tr\\u01b0\\u1eddng THPT Chuy\\u00ean V\\u0129nh Ph\\u00fac(https://cvp.vn/)\", \"summary\": \"\", \"og_image\": \"\", \"global_post\": true, \"organization\": null, \"authors\": [1]}}]", "object_repr": "Ch\u00e0o m\u1eebng b\u1ea1n \u0111\u1ebfn v\u1edbi CVPOJ"}}, {"model": "reversion.version", "pk": 7, "fields": {"revision": 7, "object_id": "1", "content_type": 2, "db": "default", "format": "json", "serialized_data": "[{\"model\": \"judge.blogpost\", \"pk\": 1, \"fields\": {\"title\": \"Ch\\u00e0o m\\u1eebng b\\u1ea1n \\u0111\\u1ebfn v\\u1edbi CVPOJ\", \"slug\": \"welcome-to-cvpoj\", \"visible\": true, \"sticky\": true, \"publish_on\": \"2017-12-02T12:00:00+07:00\", \"content\": \"Ch\\u00e0o m\\u1eebng b\\u1ea1n \\u0111\\u1ebfn v\\u1edbi VNOJ.\\r\\n\\r\\nVNOJ - Chuyen Vinh Phuc Online Judge - l\\u00e0 h\\u1ec7 th\\u1ed1ng online judge ch\\u00ednh th\\u1ee9c c\\u1ee7a [Tr\\u01b0\\u1eddng THPT Chuy\\u00ean V\\u0129nh Ph\\u00fac](https://cvp.vn/)\", \"summary\": \"\", \"og_image\": \"\", \"global_post\": true, \"organization\": null, \"authors\": [1]}}]", "object_repr": "Ch\u00e0o m\u1eebng b\u1ea1n \u0111\u1ebfn v\u1edbi CVPOJ"}}, {"model": "reversion.version", "pk": 8, "fields": {"revision": 8, "object_id": "1", "content_type": 2, "db": "default", "format": "json", "serialized_data": "[{\"model\": \"judge.blogpost\", \"pk\": 1, \"fields\": {\"title\": \"Ch\\u00e0o m\\u1eebng b\\u1ea1n \\u0111\\u1ebfn v\\u1edbi CVPOJ\", \"slug\": \"welcome-to-cvpoj\", \"visible\": true, \"sticky\": true, \"publish_on\": \"2017-12-02T12:00:00+07:00\", \"content\": \"Ch\\u00e0o m\\u1eebng b\\u1ea1n \\u0111\\u1ebfn v\\u1edbi CVPOJ.\\r\\n\\r\\nCVPOJ - Chuyen Vinh Phuc Online Judge - l\\u00e0 h\\u1ec7 th\\u1ed1ng online judge ch\\u00ednh th\\u1ee9c c\\u1ee7a [Tr\\u01b0\\u1eddng THPT Chuy\\u00ean V\\u0129nh Ph\\u00fac](https://cvp.vn/)\", \"summary\": \"\", \"og_image\": \"\", \"global_post\": true, \"organization\": null, \"authors\": [1]}}]", "object_repr": "Ch\u00e0o m\u1eebng b\u1ea1n \u0111\u1ebfn v\u1edbi CVPOJ"}}, {"model": "reversion.version", "pk": 9, "fields": {"revision": 9, "object_id": "2", "content_type": 47, "db": "default", "format": "json", "serialized_data": "[{\"model\": \"flatpages.flatpage\", \"pk\": 2, \"fields\": {\"url\": \"/about/\", \"title\": \"Th\\u00f4ng tin\", \"content\": \"CVPOJ - Vi\\u1ec7t Nam Online Judge l\\u00e0 h\\u1ec7 th\\u1ed1ng online judge ch\\u00ednh th\\u1ee9c c\\u1ee7a [Tr\\u01b0\\u1eddng THPT Chuy\\u00ean V\\u0129nh Ph\\u00fac](https://cvp.vn/)\", \"enable_comments\": false, \"template_name\": \"\", \"registration_required\": false, \"sites\": [1]}}]", "object_repr": "/about/ -- Th\u00f4ng tin"}}, {"model": "reversion.version", "pk": 10, "fields": {"revision": 10, "object_id": "1", "content_type": 2, "db": "default", "format": "json", "serialized_data": "[{\"model\": \"judge.blogpost\", \"pk\": 1, \"fields\": {\"title\": \"Ch\\u00e0o m\\u1eebng b\\u1ea1n \\u0111\\u1ebfn v\\u1edbi CVPOJ\", \"slug\": \"welcome-to-cvpoj\", \"visible\": true, \"sticky\": true, \"publish_on\": \"2017-12-02T12:00:00+07:00\", \"content\": \"Ch\\u00e0o m\\u1eebng b\\u1ea1n \\u0111\\u1ebfn v\\u1edbi CVPOJ.\\r\\n\\r\\nCVPOJ - Chuyen Vinh Phuc Online Judge - l\\u00e0 h\\u1ec7 th\\u1ed1ng online judge ch\\u00ednh th\\u1ee9c c\\u1ee7a [Tr\\u01b0\\u1eddng THPT Chuy\\u00ean V\\u0129nh Ph\\u00fac](https://cvp.vn/)\\r\\n\\r\\n![](/martor/7eef6816-7129-4e39-8c12-ef06302587d4.png)\", \"summary\": \"\", \"og_image\": \"\", \"global_post\": true, \"organization\": null, \"authors\": [1]}}]", "object_repr": "Ch\u00e0o m\u1eebng b\u1ea1n \u0111\u1ebfn v\u1edbi CVPOJ"}}, {"model": "reversion.version", "pk": 11, "fields": {"revision": 11, "object_id": "1", "content_type": 19, "db": "default", "format": "json", "serialized_data": "[{\"model\": \"judge.problem\", \"pk\": 1, \"fields\": {\"code\": \"aplusb\", \"name\": \"A Plus B\", \"pdf_url\": \"\", \"source\": \"\", \"description\": \"Tudor is sitting in math class, on his laptop. Clearly, he is not paying attention in this situation. However, he gets called on by his math teacher to do some problems. Since his math teacher did not expect much from Tudor, he only needs to do some simple addition problems. However, simple for you and I may not be simple for Tudor, so please help him!\\r\\n\\r\\n## Input Specification\\r\\n\\r\\nThe first line will contain an integer ~N~ (~1 \\\\le N \\\\le 100\\\\,000~), the number of addition problems Tudor needs to do. The next ~N~ lines will each contain two space-separated integers whose absolute value is less than ~1\\\\,000\\\\,000\\\\,000~, the two integers Tudor needs to add.\\r\\n\\r\\n## Output Specification\\r\\n\\r\\nOutput ~N~ lines of one integer each, the solutions to the addition problems in order.\\r\\n\\r\\n## Sample Input\\r\\n\\r\\n    2\\r\\n    1 1\\r\\n    -1 0\\r\\n\\r\\n## Sample Output\\r\\n\\r\\n    2\\r\\n    -1\", \"group\": 1, \"time_limit\": 2.0, \"memory_limit\": 65536, \"short_circuit\": false, \"points\": 1.0, \"partial\": true, \"is_public\": true, \"is_manually_managed\": false, \"date\": \"2017-12-02T12:00:00+07:00\", \"license\": null, \"og_image\": \"\", \"summary\": \"\", \"user_count\": 0, \"ac_rate\": 0.0, \"is_full_markup\": false, \"submission_source_visibility_mode\": \"F\", \"testcase_visibility_mode\": \"O\", \"is_organization_private\": false, \"suggester\": null, \"authors\": [1], \"curators\": [], \"testers\": [], \"types\": [1], \"allowed_languages\": [5, 6, 1, 2, 3, 4, 10, 7, 8, 9, 11], \"banned_users\": [], \"organizations\": []}}]", "object_repr": "A Plus B"}}, {"model": "reversion.version", "pk": 12, "fields": {"revision": 12, "object_id": "1", "content_type": 2, "db": "default", "format": "json", "serialized_data": "[{\"model\": \"judge.blogpost\", \"pk\": 1, \"fields\": {\"title\": \"Ch\\u00e0o m\\u1eebng b\\u1ea1n \\u0111\\u1ebfn v\\u1edbi CVPOJ\", \"slug\": \"welcome-to-cvpoj\", \"visible\": true, \"sticky\": true, \"publish_on\": \"2017-12-02T12:00:00+07:00\", \"content\": \"Ch\\u00e0o m\\u1eebng b\\u1ea1n \\u0111\\u1ebfn v\\u1edbi CVPOJ.\\r\\n\\r\\nCVPOJ - Chuyen Vinh Phuc Online Judge - l\\u00e0 h\\u1ec7 th\\u1ed1ng online judge ch\\u00ednh th\\u1ee9c c\\u1ee7a [Tr\\u01b0\\u1eddng THPT Chuy\\u00ean V\\u0129nh Ph\\u00fac](https://cvp.vn/)\\r\\n\\r\\n![](http://cvppv.000webhostapp.com/logo_1.png)\", \"summary\": \"\", \"og_image\": \"\", \"global_post\": true, \"organization\": null, \"authors\": [1]}}]", "object_repr": "Ch\u00e0o m\u1eebng b\u1ea1n \u0111\u1ebfn v\u1edbi CVPOJ"}}, {"model": "reversion.version", "pk": 13, "fields": {"revision": 13, "object_id": "1", "content_type": 19, "db": "default", "format": "json", "serialized_data": "[{\"model\": \"judge.problem\", \"pk\": 1, \"fields\": {\"code\": \"aplusb\", \"name\": \"A Plus B\", \"pdf_url\": \"\", \"source\": \"\", \"description\": \"Tudor is sitting in math class, on his laptop. Clearly, he is not paying attention in this situation. However, he gets called on by his math teacher to do some problems. Since his math teacher did not expect much from Tudor, he only needs to do some simple addition problems. However, simple for you and I may not be simple for Tudor, so please help him!\\r\\n\\r\\n## Input Specification\\r\\n\\r\\nThe first line will contain an integer ~N~ (~1 \\\\le N \\\\le 100\\\\,000~), the number of addition problems Tudor needs to do. The next ~N~ lines will each contain two space-separated integers whose absolute value is less than ~1\\\\,000\\\\,000\\\\,000~, the two integers Tudor needs to add.\\r\\n\\r\\n## Output Specification\\r\\n\\r\\nOutput ~N~ lines of one integer each, the solutions to the addition problems in order.\\r\\n\\r\\n## Sample Input\\r\\n\\r\\n    2\\r\\n    1 1\\r\\n    -1 0\\r\\n\\r\\n## Sample Output\\r\\n\\r\\n    2\\r\\n    -1\", \"group\": 1, \"time_limit\": 2.0, \"memory_limit\": 65536, \"short_circuit\": false, \"points\": 1.0, \"partial\": true, \"is_public\": true, \"is_manually_managed\": false, \"date\": \"2017-12-02T12:00:00+07:00\", \"license\": null, \"og_image\": \"\", \"summary\": \"\", \"user_count\": 0, \"ac_rate\": 0.0, \"is_full_markup\": false, \"submission_source_visibility_mode\": \"F\", \"testcase_visibility_mode\": \"O\", \"is_organization_private\": false, \"suggester\": null, \"authors\": [1], \"curators\": [], \"testers\": [], \"types\": [1], \"allowed_languages\": [5, 6, 1, 2, 3, 4, 10, 7, 8, 9, 11], \"banned_users\": [], \"organizations\": []}}]", "object_repr": "A Plus B"}}, {"model": "reversion.version", "pk": 14, "fields": {"revision": 14, "object_id": "1", "content_type": 6, "db": "default", "format": "json", "serialized_data": "[{\"model\": \"judge.contest\", \"pk\": 1, \"fields\": {\"key\": \"test\", \"name\": \"Test\", \"description\": \"\", \"start_time\": \"2022-03-11T06:00:00+07:00\", \"end_time\": \"2022-03-11T07:00:00+07:00\", \"time_limit\": null, \"frozen_last_minutes\": 0, \"is_visible\": false, \"is_rated\": false, \"scoreboard_visibility\": \"V\", \"scoreboard_cache_timeout\": 0, \"show_submission_list\": true, \"use_clarifications\": true, \"push_announcements\": false, \"rating_floor\": null, \"rating_ceiling\": null, \"rate_all\": false, \"is_private\": false, \"hide_problem_tags\": true, \"hide_problem_authors\": true, \"run_pretests_only\": false, \"show_short_display\": false, \"is_organization_private\": false, \"og_image\": \"\", \"logo_override_image\": \"\", \"user_count\": 0, \"virtual_count\": 0, \"summary\": \"\", \"access_code\": \"\", \"format_name\": \"default\", \"format_config\": null, \"problem_label_script\": \"\", \"locked_after\": null, \"points_precision\": 3, \"csv_ranking\": \"\", \"data_last_downloaded\": null, \"disallow_virtual\": false, \"authors\": [2], \"curators\": [], \"testers\": [], \"view_contest_scoreboard\": [], \"rate_exclude\": [], \"private_contestants\": [], \"organizations\": [], \"tags\": [], \"banned_users\": [], \"banned_judges\": []}}]", "object_repr": "Test"}}, {"model": "reversion.version", "pk": 15, "fields": {"revision": 14, "object_id": "1", "content_type": 8, "db": "default", "format": "json", "serialized_data": "[{\"model\": \"judge.contestproblem\", \"pk\": 1, \"fields\": {\"problem\": 1, \"contest\": 1, \"points\": 10, \"partial\": true, \"is_pretested\": false, \"order\": 1, \"output_prefix_override\": 0, \"max_submissions\": 1}}]", "object_repr": "ContestProblem object (1)"}}, {"model": "reversion.version", "pk": 16, "fields": {"revision": 15, "object_id": "1", "content_type": 6, "db": "default", "format": "json", "serialized_data": "[{\"model\": \"judge.contest\", \"pk\": 1, \"fields\": {\"key\": \"test\", \"name\": \"Test\", \"description\": \"\", \"start_time\": \"2022-03-11T18:00:00+07:00\", \"end_time\": \"2022-03-11T19:00:00+07:00\", \"time_limit\": null, \"frozen_last_minutes\": 0, \"is_visible\": false, \"is_rated\": false, \"scoreboard_visibility\": \"V\", \"scoreboard_cache_timeout\": 0, \"show_submission_list\": true, \"use_clarifications\": true, \"push_announcements\": false, \"rating_floor\": null, \"rating_ceiling\": null, \"rate_all\": false, \"is_private\": false, \"hide_problem_tags\": true, \"hide_problem_authors\": true, \"run_pretests_only\": false, \"show_short_display\": false, \"is_organization_private\": false, \"og_image\": \"\", \"logo_override_image\": \"\", \"user_count\": 0, \"virtual_count\": 0, \"summary\": \"\", \"access_code\": \"\", \"format_name\": \"default\", \"format_config\": null, \"problem_label_script\": \"\", \"locked_after\": null, \"points_precision\": 3, \"csv_ranking\": \"\", \"data_last_downloaded\": null, \"disallow_virtual\": false, \"authors\": [2], \"curators\": [], \"testers\": [], \"view_contest_scoreboard\": [], \"rate_exclude\": [], \"private_contestants\": [], \"organizations\": [], \"tags\": [], \"banned_users\": [], \"banned_judges\": []}}]", "object_repr": "Test"}}, {"model": "reversion.version", "pk": 17, "fields": {"revision": 15, "object_id": "1", "content_type": 8, "db": "default", "format": "json", "serialized_data": "[{\"model\": \"judge.contestproblem\", \"pk\": 1, \"fields\": {\"problem\": 1, \"contest\": 1, \"points\": 10, \"partial\": true, \"is_pretested\": false, \"order\": 1, \"output_prefix_override\": 0, \"max_submissions\": 1}}]", "object_repr": "ContestProblem object (1)"}}, {"model": "reversion.version", "pk": 18, "fields": {"revision": 16, "object_id": "1", "content_type": 6, "db": "default", "format": "json", "serialized_data": "[{\"model\": \"judge.contest\", \"pk\": 1, \"fields\": {\"key\": \"test\", \"name\": \"Test\", \"description\": \"\", \"start_time\": \"2022-03-11T18:00:00+07:00\", \"end_time\": \"2022-03-11T19:00:00+07:00\", \"time_limit\": null, \"frozen_last_minutes\": 0, \"is_visible\": true, \"is_rated\": false, \"scoreboard_visibility\": \"V\", \"scoreboard_cache_timeout\": 0, \"show_submission_list\": true, \"use_clarifications\": true, \"push_announcements\": false, \"rating_floor\": null, \"rating_ceiling\": null, \"rate_all\": false, \"is_private\": false, \"hide_problem_tags\": true, \"hide_problem_authors\": true, \"run_pretests_only\": false, \"show_short_display\": false, \"is_organization_private\": false, \"og_image\": \"\", \"logo_override_image\": \"\", \"user_count\": 0, \"virtual_count\": 0, \"summary\": \"\", \"access_code\": \"\", \"format_name\": \"default\", \"format_config\": null, \"problem_label_script\": \"\", \"locked_after\": null, \"points_precision\": 3, \"csv_ranking\": \"\", \"data_last_downloaded\": null, \"disallow_virtual\": false, \"authors\": [2], \"curators\": [], \"testers\": [], \"view_contest_scoreboard\": [], \"rate_exclude\": [], \"private_contestants\": [], \"organizations\": [], \"tags\": [], \"banned_users\": [], \"banned_judges\": []}}]", "object_repr": "Test"}}, {"model": "reversion.version", "pk": 19, "fields": {"revision": 16, "object_id": "1", "content_type": 8, "db": "default", "format": "json", "serialized_data": "[{\"model\": \"judge.contestproblem\", \"pk\": 1, \"fields\": {\"problem\": 1, \"contest\": 1, \"points\": 10, \"partial\": true, \"is_pretested\": false, \"order\": 1, \"output_prefix_override\": 0, \"max_submissions\": 1}}]", "object_repr": "ContestProblem object (1)"}}, {"model": "reversion.version", "pk": 20, "fields": {"revision": 17, "object_id": "1", "content_type": 2, "db": "default", "format": "json", "serialized_data": "[{\"model\": \"judge.blogpost\", \"pk\": 1, \"fields\": {\"title\": \"Ch\\u00e0o m\\u1eebng b\\u1ea1n \\u0111\\u1ebfn v\\u1edbi CVPOJ\", \"slug\": \"welcome-to-cvpoj\", \"visible\": true, \"sticky\": true, \"publish_on\": \"2017-12-02T12:00:00+07:00\", \"content\": \"Ch\\u00e0o m\\u1eebng b\\u1ea1n \\u0111\\u1ebfn v\\u1edbi CVPOJ.\\r\\n\\r\\nCVPOJ - Chuyen Vinh Phuc Online Judge - l\\u00e0 h\\u1ec7 th\\u1ed1ng online judge c\\u1ee7a [Tr\\u01b0\\u1eddng THPT Chuy\\u00ean V\\u0129nh Ph\\u00fac](https://cvp.vn/)\\r\\n\\r\\n![](http://cvppv.000webhostapp.com/logo_1.png)\", \"summary\": \"\", \"og_image\": \"\", \"global_post\": true, \"organization\": null, \"authors\": [1]}}]", "object_repr": "Ch\u00e0o m\u1eebng b\u1ea1n \u0111\u1ebfn v\u1edbi CVPOJ"}}, {"model": "reversion.version", "pk": 21, "fields": {"revision": 18, "object_id": "2", "content_type": 47, "db": "default", "format": "json", "serialized_data": "[{\"model\": \"flatpages.flatpage\", \"pk\": 2, \"fields\": {\"url\": \"/about/\", \"title\": \"Th\\u00f4ng tin\", \"content\": \"CVPOJ - Chuyen Vinh Phuc Online Judge l\\u00e0 h\\u1ec7 th\\u1ed1ng online judge c\\u1ee7a [Tr\\u01b0\\u1eddng THPT Chuy\\u00ean V\\u0129nh Ph\\u00fac](https://cvp.vn/)\", \"enable_comments\": false, \"template_name\": \"\", \"registration_required\": false, \"sites\": [1]}}]", "object_repr": "/about/ -- Th\u00f4ng tin"}}, {"model": "reversion.version", "pk": 22, "fields": {"revision": 19, "object_id": "2", "content_type": 26, "db": "default", "format": "json", "serialized_data": "[{\"model\": \"judge.profile\", \"pk\": 2, \"fields\": {\"user\": 2, \"about\": \"\", \"timezone\": \"Asia/Ho_Chi_Minh\", \"language\": 4, \"performance_points\": 1.05, \"contribution_points\": 0, \"problem_count\": 1, \"ace_theme\": \"github\", \"display_rank\": \"admin\", \"mute\": false, \"is_unlisted\": false, \"ban_reason\": \"\", \"allow_tagging\": true, \"user_script\": \"\", \"current_contest\": null, \"math_engine\": \"auto\", \"is_totp_enabled\": false, \"is_webauthn_enabled\": false, \"totp_key\": null, \"scratch_codes\": null, \"last_totp_timecode\": 0, \"api_token\": null, \"notes\": \"\", \"data_last_downloaded\": null, \"username_display_override\": \"\", \"organizations\": []}}]", "object_repr": "pvviet"}}, {"model": "reversion.version", "pk": 23, "fields": {"revision": 20, "object_id": "2", "content_type": 26, "db": "default", "format": "json", "serialized_data": "[{\"model\": \"judge.profile\", \"pk\": 2, \"fields\": {\"user\": 2, \"about\": \"\", \"timezone\": \"Asia/Ho_Chi_Minh\", \"language\": 3, \"performance_points\": 1.05, \"contribution_points\": 0, \"problem_count\": 1, \"ace_theme\": \"github\", \"display_rank\": \"admin\", \"mute\": false, \"is_unlisted\": false, \"ban_reason\": \"\", \"allow_tagging\": true, \"user_script\": \"\", \"current_contest\": null, \"math_engine\": \"auto\", \"is_totp_enabled\": false, \"is_webauthn_enabled\": false, \"totp_key\": null, \"scratch_codes\": null, \"last_totp_timecode\": 0, \"api_token\": null, \"notes\": \"\", \"data_last_downloaded\": null, \"username_display_override\": \"\", \"organizations\": [1]}}]", "object_repr": "pvviet"}}, {"model": "reversion.version", "pk": 24, "fields": {"revision": 20, "object_id": "1", "content_type": 17, "db": "default", "format": "json", "serialized_data": "[{\"model\": \"judge.organization\", \"pk\": 1, \"fields\": {\"name\": \"CVPOJ: Chuyen Vinh Phuc Online Judge\", \"slug\": \"cvpoj\", \"short_name\": \"CVPOJ\", \"about\": \"This is a sample organization. You can use organizations to split up your user base, host private contests, and more.\", \"creation_date\": \"2017-12-02T08:50:25.199Z\", \"is_open\": true, \"is_unlisted\": true, \"slots\": null, \"access_code\": null, \"logo_override_image\": \"\", \"performance_points\": 1.05, \"member_count\": 2, \"admins\": [1]}}]", "object_repr": "CVPOJ: Chuyen Vinh Phuc Online Judge"}}, {"model": "flatpages.flatpage", "pk": 1, "fields": {"url": "/custom_checkers/", "title": "Custom checkers", "content": "M\u1ed9t s\u1ed1 b\u00e0i t\u1eadp c\u00f3 th\u1ec3 c\u00f3 nhi\u1ec1u output \u0111\u00fang, v\u00ec v\u1eady \u0111\u00f4i l\u00fac ta c\u1ea7n ph\u1ea3i vi\u1ebft checker \u0111\u1ec3  ki\u1ec3m tra xem output c\u00f3 \u0111\u00fang hay ch\u01b0a. \r\n\r\n\r\n# 1. Checker m\u1eb7c \u0111\u1ecbnh\r\nVNOJ c\u00f3 h\u1ed7 tr\u1ee3 c\u00e1c checker m\u1eb7c \u0111\u1ecbnh c\u1ee7a DMOJ, c\u00e1c b\u1ea1n c\u00f3 th\u1ec3 xem \u1edf [\u0111\u00e2y](https://docs.dmoj.ca/#/problem_format/custom_checkers)\r\n\r\n# 2. Custom Checker (Python)\r\n\r\nM\u1ed9t `checker` \u0111\u01b0\u1ee3c vi\u1ebft b\u1eb1ng Python c\u1ea7n c\u00e0i \u0111\u1eb7t m\u1ed9t h\u00e0m nh\u01b0 sau:\r\n```python3\r\ndef check(process_output, judge_output, **kwargs):\r\n    # your code\r\n    \r\n```\r\n\r\nTrong \u0111\u00f3:\r\n* `process_output`: output c\u1ee7a b\u00e0i n\u1ed9p\r\n* `judge_output`: \u0111\u00e1p \u00e1n\r\n \r\n`**kwargs` c\u00f3 th\u1ec3 ch\u1ee9a c\u00e1c bi\u1ebfn sau:\r\n\r\n* `submission_source`: source code c\u1ee7a b\u00e0i n\u1ed9p\r\n* `judge_input`: input c\u1ee7a \u0111\u1ec1 b\u00e0i\r\n* `point_value`: \u0111i\u1ec3m c\u1ee7a test \u0111ang ch\u1ea5m\r\n* `case_position`: th\u1ee9 t\u1ef1 c\u1ee7a test\r\n* `batch`: batch c\u1ee7a test case (v\u1edbi c\u00e1c b\u00e0i ch\u1ea5m theo subtask), \u0111\u1ea1i \u0111a s\u1ed1 c\u00e1c b\u00e0i ta kh\u00f4ng c\u1ea7n quan t\u00e2m t\u1edbi bi\u1ebfn n\u00e0y.\r\n* `submission_language`: ng\u00f4n ng\u1eef c\u1ee7a b\u00e0i n\u1ed9p\r\n* `execution_time`: th\u1eddi gian ch\u1ea1y, t\u00ednh b\u1eb1ng gi\u00e2y\r\n\r\n## Return\r\nH\u00e0m `check` c\u00f3 2 c\u00e1ch return:\r\n\r\n\r\n1. Return b\u1eb1ng True ho\u1eb7c False, n\u1ebfu \u0111\u00e1p \u00e1n \u0111\u00fang th\u00ec return True, ng\u01b0\u1ee3c l\u1ea1i return False\r\n2. Return b\u1eb1ng `CheckerResult`, return b\u1eb1ng c\u00e1ch n\u00e0y th\u00ec c\u00f3 th\u1ec3 tr\u1ea3 v\u1ec1 \u0111\u01b0\u1ee3c feedback cho ng\u01b0\u1eddi n\u1ed9p. C\u00e1ch d\u00f9ng nh\u01b0 sau: `CheckerResult(passed, points_awarded)`. Trong \u0111\u00f3:\r\n    * `passed` l\u00e0 c\u00f3 gi\u00e1 tr\u1ecb True/False t\u00f9y v\u00e0o k\u1ebft qu\u1ea3 c\u00f3 \u0111\u00fang hay kh\u00f4ng.\r\n    * `points_awarded`: l\u00e0 s\u1ed1 \u0111i\u1ec3m nh\u1eadn \u0111\u01b0\u1ee3c v\u1edbi test \u0111\u00f3.\r\n    * `feedback`: th\u00f4ng tin \u0111\u01b0a t\u1edbi ng\u01b0\u1eddi n\u1ed9p. \r\n\r\n## V\u00ed d\u1ee5\r\nD\u01b0\u1edbi \u0111\u00e2y l\u00e0 checker m\u1eabu cho b\u00e0i to\u00e1n [POST - A c\u1ed9ng B](/problem/post).\r\n\r\n```python3\r\nfrom dmoj.result import CheckerResult\r\n\r\ndef check(process_output, judge_output, judge_input, point_value, **kwargs):\r\n    # convert from bytes to texts\r\n    process_output = process_output.decode(\"ascii\")\r\n    judge_output = judge_output.decode(\"ascii\")\r\n    judge_input = judge_input.decode(\"ascii\")\r\n    \r\n    # read data as normal\r\n    a, b = judge_input.split(' ')\r\n    output_sum = int(process_output)\r\n    if a + b != output_sum:\r\n        return CheckerResult(False, 0, f\"{a} + {b} != {output_sum}\")\r\n    return CheckerResult(True, point_value, \"Ok answer is correct\")\r\n```\r\n\r\n# 3. Custom Checker (C++)\r\n\r\n\u0110\u1ec3 vi\u1ebft \u0111\u01b0\u1ee3c C++ checker, ta c\u1ea7n vi\u1ebft m\u1ed9t ch\u01b0\u01a1ng tr\u00ecnh C++ nh\u1eadn v\u00e0o 3 tham s\u1ed1 d\u00f2ng l\u1ec7nh theo th\u1ee9 t\u1ef1 l\u00e0 `input_file`, `output_file`, `answer_file`, t\u01b0\u01a1n \u1ee9ng v\u1edbi \u0111\u01b0\u1eddng d\u1eabn t\u1edbi c\u00e1c file input, output, \u0111\u00e1p \u00e1n. \r\n\r\n## Return\r\n\r\nCh\u01b0\u01a1ng tr\u00ecnh (h\u00e0m main) tr\u1ea3 v\u1ec1 c\u00e1c gi\u00e1 tr\u1ecb sau:\r\n* 0 n\u1ebfu AC (100% s\u1ed1 \u0111i\u1ec3m)\r\n* 1 n\u1ebfu WA (0 \u0111i\u1ec3m)\r\n* 7 n\u1ebfu nh\u1eadn \u0111\u01b0\u1ee3c \u0111i\u1ec3m th\u00e0nh ph\u1ea7n. Khi \u0111\u00f3 c\u1ea7n in ra `stderr` m\u1ed9t s\u1ed1 th\u1ef1c trong \u0111o\u1ea1n `[0, 1]` th\u1ec3 hi\u1ec7n t\u1ef7 l\u1ec7 \u0111i\u1ec3m. L\u01b0u \u00fd r\u1eb1ng \u0111i\u1ec3m ph\u1ea3i \u0111\u01b0\u1ee3c in ra \u1edf d\u00f2ng \u0111\u1ea7u ti\u00ean c\u1ee7a `stderr`\r\n* N\u1ebfu ch\u01b0\u01a1ng tr\u00ecnh tr\u1ea3 v\u1ec1 gi\u00e1 tr\u1ecb kh\u00e1c (exit code kh\u00e1c 0, hay run time error) th\u00ec b\u00e0i n\u1ed9p s\u1ebd \u0111\u01b0\u1ee3c 0 \u0111i\u1ec3m (xem nh\u01b0 WA).\r\n\r\nNh\u1eefng th\u00f4ng tin \u0111\u01b0\u1ee3c vi\u1ebft ra `stdout` s\u1ebd \u0111\u01b0\u1ee3c in ra m\u00e0n h\u00ecnh cho ng\u01b0\u1eddi n\u1ed9p b\u00e0i (feedback), nh\u01b0ng th\u00f4ng tin n\u00e0y ch\u1ec9 hi\u1ec3n th\u1ecb \u0111\u01b0\u1ee3c kho\u1ea3n 20 k\u00fd t\u1ef1.\r\nN\u1ebfu mu\u1ed1n ng\u01b0\u1eddi d\u00f9ng xem \u0111\u01b0\u1ee3c nhi\u1ec1u feedback h\u01a1n, th\u00ec in feedback v\u00e0o stderr (l\u01b0u \u00fd in sau khi in \u0111i\u1ec3m \u1edf d\u00f2ng \u0111\u1ea7u ti\u00ean).\r\n\r\n\r\n## V\u00ed d\u1ee5: \r\nCh\u01b0\u01a1ng tr\u00ecnh sau d\u00f9ng \u0111\u1ec3 ch\u1ea5m b\u00e0i to\u00e1n: Cho ~n~ l\u00e0 m\u1ed9t s\u1ed1 nguy\u00ean d\u01b0\u01a1ng. In ra hai s\u1ed1 t\u1ef1 nhi\u00ean ~a~, ~b~ sao cho ~a + b = n~.\r\n\r\nN\u1ebfu in ra ~a + b = n~ v\u00e0 ~a, b \\ge 0~ th\u00ec \u0111\u01b0\u1ee3c ~100\\%~ s\u1ed1 \u0111i\u1ec3m, n\u1ebfu ~a + b = n~ nh\u01b0ng m\u1ed9t trong 2 s\u1ed1 ~a, b~ \u00e2m th\u00ec \u0111\u01b0\u1ee3c ~50\\%~ s\u1ed1 \u0111i\u1ec3m.\r\n\r\n```c++\r\n#include <bits/stdc++.h>\r\nusing namespace std;\r\n\r\nint main(int argc, char** argv) {\r\n    ifstream inp(argv[1]);\r\n    ifstream out(argv[2]);\r\n    ifstream ans(argv[3]);\r\n\r\n    int n, a, b, c, d;\r\n    \r\n    inp >> n;\r\n    out >> a >> b;\r\n    ans >> c >> d;\r\n\r\n    if (a + b == c + d) {\r\n        cout << a << \" + \" << b << \" = \" << c << \" + \" << d << endl;\r\n            \r\n        if (a >= 0 && b >= 0) {\r\n            cerr << \"This line will be show to the contestants as a extended feedback\";\r\n            return 0; // AC\r\n        }\r\n        else {\r\n            cerr << 0.5 << '\\n'; // in ra \u0111i\u1ec3m \u1edf d\u00f2ng \u0111\u1ea7u ti\u00ean\r\n            cerr << \"Th\u00eds line will be show to the contestants as a extended feedback\";\r\n            return 7; // PARTIAL\r\n        }\r\n    }     \r\n    else {\r\n        cout << \"a + b = \" << a + b << \" != \" << n << endl;\r\n        return 1; // WA\r\n    }\r\n}\r\n```\r\n\r\nVNOJ c\u0169ng h\u1ed9 tr\u1ee3 c\u00e1c checker \u0111\u01b0\u1ee3c vi\u1ebft b\u1eb1ng [testlib.h](https://github.com/MikeMirzayanov/testlib/blob/master/testlib.h), tuy nhi\u00ean hi\u1ec7n t\u1ea1i ch\u1ec9 c\u00f3 th\u1ec3 ch\u1ea5m c\u00e1c b\u00e0i kh\u00f4ng ph\u1ea3i interactive. \r\n\r\n\u0110\u00e2y l\u00e0 checker \u0111\u01b0\u1ee3c vi\u1ebft b\u1eb1ng `testlib.h` cho b\u00e0i to\u00e1n tr\u00ean:\r\n\r\n```c++\r\n#include \"testlib.h\"\r\n\r\nusing namespace std;\r\n\r\nint main(int argc, char* argv[]) {\r\n    registerTestlibCmd(argc, argv);\r\n\r\n    int n = inf.readInt();\r\n    int a = ouf.readInt();\r\n    int b = ouf.readInt();\r\n    ensuref(a + b == n, \"%d + %d != %d\", a, b, n);\r\n    if (a < 0) {\r\n        quitf(_points, \"0.5 \\n a = %d < 0\", a);\r\n    }\r\n    if (b < 0) {\r\n        quitf(_points, \"0.5 \\n b = %d < 0\", a);\r\n    }\r\n    quitf(_ok, \"%d + %d = %d\", a, b, n);\r\n}\r\n```", "enable_comments": false, "template_name": "", "registration_required": false, "sites": [1]}}, {"model": "flatpages.flatpage", "pk": 2, "fields": {"url": "/about/", "title": "Th\u00f4ng tin", "content": "CVPOJ - Chuyen Vinh Phuc Online Judge l\u00e0 h\u1ec7 th\u1ed1ng online judge c\u1ee7a [Tr\u01b0\u1eddng THPT Chuy\u00ean V\u0129nh Ph\u00fac](https://cvp.vn/)", "enable_comments": false, "template_name": "", "registration_required": false, "sites": [1]}}, {"model": "auth.permission", "pk": 1, "fields": {"name": "Can add log entry", "content_type": 1, "codename": "add_logentry"}}, {"model": "auth.permission", "pk": 2, "fields": {"name": "Can change log entry", "content_type": 1, "codename": "change_logentry"}}, {"model": "auth.permission", "pk": 3, "fields": {"name": "Can delete log entry", "content_type": 1, "codename": "delete_logentry"}}, {"model": "auth.permission", "pk": 4, "fields": {"name": "Can view log entry", "content_type": 1, "codename": "view_logentry"}}, {"model": "auth.permission", "pk": 5, "fields": {"name": "Can add blog post", "content_type": 2, "codename": "add_blogpost"}}, {"model": "auth.permission", "pk": 6, "fields": {"name": "Can change blog post", "content_type": 2, "codename": "change_blogpost"}}, {"model": "auth.permission", "pk": 7, "fields": {"name": "Can delete blog post", "content_type": 2, "codename": "delete_blogpost"}}, {"model": "auth.permission", "pk": 8, "fields": {"name": "Can view blog post", "content_type": 2, "codename": "view_blogpost"}}, {"model": "auth.permission", "pk": 9, "fields": {"name": "Edit all posts", "content_type": 2, "codename": "edit_all_post"}}, {"model": "auth.permission", "pk": 10, "fields": {"name": "Edit organization posts", "content_type": 2, "codename": "edit_organization_post"}}, {"model": "auth.permission", "pk": 11, "fields": {"name": "Can add comment", "content_type": 3, "codename": "add_comment"}}, {"model": "auth.permission", "pk": 12, "fields": {"name": "Can change comment", "content_type": 3, "codename": "change_comment"}}, {"model": "auth.permission", "pk": 13, "fields": {"name": "Can delete comment", "content_type": 3, "codename": "delete_comment"}}, {"model": "auth.permission", "pk": 14, "fields": {"name": "Can view comment", "content_type": 3, "codename": "view_comment"}}, {"model": "auth.permission", "pk": 15, "fields": {"name": "Can add comment lock", "content_type": 4, "codename": "add_commentlock"}}, {"model": "auth.permission", "pk": 16, "fields": {"name": "Can change comment lock", "content_type": 4, "codename": "change_commentlock"}}, {"model": "auth.permission", "pk": 17, "fields": {"name": "Can delete comment lock", "content_type": 4, "codename": "delete_commentlock"}}, {"model": "auth.permission", "pk": 18, "fields": {"name": "Can view comment lock", "content_type": 4, "codename": "view_commentlock"}}, {"model": "auth.permission", "pk": 19, "fields": {"name": "Override comment lock", "content_type": 4, "codename": "override_comment_lock"}}, {"model": "auth.permission", "pk": 20, "fields": {"name": "Can add comment vote", "content_type": 5, "codename": "add_commentvote"}}, {"model": "auth.permission", "pk": 21, "fields": {"name": "Can change comment vote", "content_type": 5, "codename": "change_commentvote"}}, {"model": "auth.permission", "pk": 22, "fields": {"name": "Can delete comment vote", "content_type": 5, "codename": "delete_commentvote"}}, {"model": "auth.permission", "pk": 23, "fields": {"name": "Can view comment vote", "content_type": 5, "codename": "view_commentvote"}}, {"model": "auth.permission", "pk": 24, "fields": {"name": "Can add contest", "content_type": 6, "codename": "add_contest"}}, {"model": "auth.permission", "pk": 25, "fields": {"name": "Can change contest", "content_type": 6, "codename": "change_contest"}}, {"model": "auth.permission", "pk": 26, "fields": {"name": "Can delete contest", "content_type": 6, "codename": "delete_contest"}}, {"model": "auth.permission", "pk": 27, "fields": {"name": "Can view contest", "content_type": 6, "codename": "view_contest"}}, {"model": "auth.permission", "pk": 28, "fields": {"name": "See private contests", "content_type": 6, "codename": "see_private_contest"}}, {"model": "auth.permission", "pk": 29, "fields": {"name": "Edit own contests", "content_type": 6, "codename": "edit_own_contest"}}, {"model": "auth.permission", "pk": 30, "fields": {"name": "Edit all contests", "content_type": 6, "codename": "edit_all_contest"}}, {"model": "auth.permission", "pk": 31, "fields": {"name": "Clone contest", "content_type": 6, "codename": "clone_contest"}}, {"model": "auth.permission", "pk": 32, "fields": {"name": "MOSS contest", "content_type": 6, "codename": "moss_contest"}}, {"model": "auth.permission", "pk": 33, "fields": {"name": "Rate contests", "content_type": 6, "codename": "contest_rating"}}, {"model": "auth.permission", "pk": 34, "fields": {"name": "Contest access codes", "content_type": 6, "codename": "contest_access_code"}}, {"model": "auth.permission", "pk": 35, "fields": {"name": "Create private contests", "content_type": 6, "codename": "create_private_contest"}}, {"model": "auth.permission", "pk": 36, "fields": {"name": "Change contest visibility", "content_type": 6, "codename": "change_contest_visibility"}}, {"model": "auth.permission", "pk": 37, "fields": {"name": "Edit contest problem label script", "content_type": 6, "codename": "contest_problem_label"}}, {"model": "auth.permission", "pk": 38, "fields": {"name": "Change lock status of contest", "content_type": 6, "codename": "lock_contest"}}, {"model": "auth.permission", "pk": 39, "fields": {"name": "Can add contest participation", "content_type": 7, "codename": "add_contestparticipation"}}, {"model": "auth.permission", "pk": 40, "fields": {"name": "Can change contest participation", "content_type": 7, "codename": "change_contestparticipation"}}, {"model": "auth.permission", "pk": 41, "fields": {"name": "Can delete contest participation", "content_type": 7, "codename": "delete_contestparticipation"}}, {"model": "auth.permission", "pk": 42, "fields": {"name": "Can view contest participation", "content_type": 7, "codename": "view_contestparticipation"}}, {"model": "auth.permission", "pk": 43, "fields": {"name": "Can add contest problem", "content_type": 8, "codename": "add_contestproblem"}}, {"model": "auth.permission", "pk": 44, "fields": {"name": "Can change contest problem", "content_type": 8, "codename": "change_contestproblem"}}, {"model": "auth.permission", "pk": 45, "fields": {"name": "Can delete contest problem", "content_type": 8, "codename": "delete_contestproblem"}}, {"model": "auth.permission", "pk": 46, "fields": {"name": "Can view contest problem", "content_type": 8, "codename": "view_contestproblem"}}, {"model": "auth.permission", "pk": 47, "fields": {"name": "Can add contest submission", "content_type": 9, "codename": "add_contestsubmission"}}, {"model": "auth.permission", "pk": 48, "fields": {"name": "Can change contest submission", "content_type": 9, "codename": "change_contestsubmission"}}, {"model": "auth.permission", "pk": 49, "fields": {"name": "Can delete contest submission", "content_type": 9, "codename": "delete_contestsubmission"}}, {"model": "auth.permission", "pk": 50, "fields": {"name": "Can view contest submission", "content_type": 9, "codename": "view_contestsubmission"}}, {"model": "auth.permission", "pk": 51, "fields": {"name": "Can add contest tag", "content_type": 10, "codename": "add_contesttag"}}, {"model": "auth.permission", "pk": 52, "fields": {"name": "Can change contest tag", "content_type": 10, "codename": "change_contesttag"}}, {"model": "auth.permission", "pk": 53, "fields": {"name": "Can delete contest tag", "content_type": 10, "codename": "delete_contesttag"}}, {"model": "auth.permission", "pk": 54, "fields": {"name": "Can view contest tag", "content_type": 10, "codename": "view_contesttag"}}, {"model": "auth.permission", "pk": 55, "fields": {"name": "Can add judge", "content_type": 11, "codename": "add_judge"}}, {"model": "auth.permission", "pk": 56, "fields": {"name": "Can change judge", "content_type": 11, "codename": "change_judge"}}, {"model": "auth.permission", "pk": 57, "fields": {"name": "Can delete judge", "content_type": 11, "codename": "delete_judge"}}, {"model": "auth.permission", "pk": 58, "fields": {"name": "Can view judge", "content_type": 11, "codename": "view_judge"}}, {"model": "auth.permission", "pk": 59, "fields": {"name": "Can add language", "content_type": 12, "codename": "add_language"}}, {"model": "auth.permission", "pk": 60, "fields": {"name": "Can change language", "content_type": 12, "codename": "change_language"}}, {"model": "auth.permission", "pk": 61, "fields": {"name": "Can delete language", "content_type": 12, "codename": "delete_language"}}, {"model": "auth.permission", "pk": 62, "fields": {"name": "Can view language", "content_type": 12, "codename": "view_language"}}, {"model": "auth.permission", "pk": 63, "fields": {"name": "Can add language-specific resource limit", "content_type": 13, "codename": "add_languagelimit"}}, {"model": "auth.permission", "pk": 64, "fields": {"name": "Can change language-specific resource limit", "content_type": 13, "codename": "change_languagelimit"}}, {"model": "auth.permission", "pk": 65, "fields": {"name": "Can delete language-specific resource limit", "content_type": 13, "codename": "delete_languagelimit"}}, {"model": "auth.permission", "pk": 66, "fields": {"name": "Can view language-specific resource limit", "content_type": 13, "codename": "view_languagelimit"}}, {"model": "auth.permission", "pk": 67, "fields": {"name": "Can add license", "content_type": 14, "codename": "add_license"}}, {"model": "auth.permission", "pk": 68, "fields": {"name": "Can change license", "content_type": 14, "codename": "change_license"}}, {"model": "auth.permission", "pk": 69, "fields": {"name": "Can delete license", "content_type": 14, "codename": "delete_license"}}, {"model": "auth.permission", "pk": 70, "fields": {"name": "Can view license", "content_type": 14, "codename": "view_license"}}, {"model": "auth.permission", "pk": 71, "fields": {"name": "Can add configuration item", "content_type": 15, "codename": "add_miscconfig"}}, {"model": "auth.permission", "pk": 72, "fields": {"name": "Can change configuration item", "content_type": 15, "codename": "change_miscconfig"}}, {"model": "auth.permission", "pk": 73, "fields": {"name": "Can delete configuration item", "content_type": 15, "codename": "delete_miscconfig"}}, {"model": "auth.permission", "pk": 74, "fields": {"name": "Can view configuration item", "content_type": 15, "codename": "view_miscconfig"}}, {"model": "auth.permission", "pk": 75, "fields": {"name": "Can add navigation item", "content_type": 16, "codename": "add_navigationbar"}}, {"model": "auth.permission", "pk": 76, "fields": {"name": "Can change navigation item", "content_type": 16, "codename": "change_navigationbar"}}, {"model": "auth.permission", "pk": 77, "fields": {"name": "Can delete navigation item", "content_type": 16, "codename": "delete_navigationbar"}}, {"model": "auth.permission", "pk": 78, "fields": {"name": "Can view navigation item", "content_type": 16, "codename": "view_navigationbar"}}, {"model": "auth.permission", "pk": 79, "fields": {"name": "Can add organization", "content_type": 17, "codename": "add_organization"}}, {"model": "auth.permission", "pk": 80, "fields": {"name": "Can change organization", "content_type": 17, "codename": "change_organization"}}, {"model": "auth.permission", "pk": 81, "fields": {"name": "Can delete organization", "content_type": 17, "codename": "delete_organization"}}, {"model": "auth.permission", "pk": 82, "fields": {"name": "Can view organization", "content_type": 17, "codename": "view_organization"}}, {"model": "auth.permission", "pk": 83, "fields": {"name": "Administer organizations", "content_type": 17, "codename": "organization_admin"}}, {"model": "auth.permission", "pk": 84, "fields": {"name": "Edit all organizations", "content_type": 17, "codename": "edit_all_organization"}}, {"model": "auth.permission", "pk": 85, "fields": {"name": "Change is_open field", "content_type": 17, "codename": "change_open_organization"}}, {"model": "auth.permission", "pk": 86, "fields": {"name": "Create organization without limit", "content_type": 17, "codename": "spam_organization"}}, {"model": "auth.permission", "pk": 87, "fields": {"name": "Can add organization join request", "content_type": 18, "codename": "add_organizationrequest"}}, {"model": "auth.permission", "pk": 88, "fields": {"name": "Can change organization join request", "content_type": 18, "codename": "change_organizationrequest"}}, {"model": "auth.permission", "pk": 89, "fields": {"name": "Can delete organization join request", "content_type": 18, "codename": "delete_organizationrequest"}}, {"model": "auth.permission", "pk": 90, "fields": {"name": "Can view organization join request", "content_type": 18, "codename": "view_organizationrequest"}}, {"model": "auth.permission", "pk": 91, "fields": {"name": "Can add problem", "content_type": 19, "codename": "add_problem"}}, {"model": "auth.permission", "pk": 92, "fields": {"name": "Can change problem", "content_type": 19, "codename": "change_problem"}}, {"model": "auth.permission", "pk": 93, "fields": {"name": "Can delete problem", "content_type": 19, "codename": "delete_problem"}}, {"model": "auth.permission", "pk": 94, "fields": {"name": "Can view problem", "content_type": 19, "codename": "view_problem"}}, {"model": "auth.permission", "pk": 95, "fields": {"name": "See hidden problems", "content_type": 19, "codename": "see_private_problem"}}, {"model": "auth.permission", "pk": 96, "fields": {"name": "Edit own problems", "content_type": 19, "codename": "edit_own_problem"}}, {"model": "auth.permission", "pk": 97, "fields": {"name": "Create organization problem", "content_type": 19, "codename": "create_organization_problem"}}, {"model": "auth.permission", "pk": 98, "fields": {"name": "Edit all problems", "content_type": 19, "codename": "edit_all_problem"}}, {"model": "auth.permission", "pk": 99, "fields": {"name": "Edit all public problems", "content_type": 19, "codename": "edit_public_problem"}}, {"model": "auth.permission", "pk": 100, "fields": {"name": "Suggest new problem", "content_type": 19, "codename": "suggest_new_problem"}}, {"model": "auth.permission", "pk": 101, "fields": {"name": "Edit problems with full markup", "content_type": 19, "codename": "problem_full_markup"}}, {"model": "auth.permission", "pk": 102, "fields": {"name": "Clone problem", "content_type": 19, "codename": "clone_problem"}}, {"model": "auth.permission", "pk": 103, "fields": {"name": "Upload file-type statement", "content_type": 19, "codename": "upload_file_statement"}}, {"model": "auth.permission", "pk": 104, "fields": {"name": "Change is_public field", "content_type": 19, "codename": "change_public_visibility"}}, {"model": "auth.permission", "pk": 105, "fields": {"name": "Change is_manually_managed field", "content_type": 19, "codename": "change_manually_managed"}}, {"model": "auth.permission", "pk": 106, "fields": {"name": "See organization-private problems", "content_type": 19, "codename": "see_organization_problem"}}, {"model": "auth.permission", "pk": 107, "fields": {"name": "Can add problem clarification", "content_type": 20, "codename": "add_problemclarification"}}, {"model": "auth.permission", "pk": 108, "fields": {"name": "Can change problem clarification", "content_type": 20, "codename": "change_problemclarification"}}, {"model": "auth.permission", "pk": 109, "fields": {"name": "Can delete problem clarification", "content_type": 20, "codename": "delete_problemclarification"}}, {"model": "auth.permission", "pk": 110, "fields": {"name": "Can view problem clarification", "content_type": 20, "codename": "view_problemclarification"}}, {"model": "auth.permission", "pk": 111, "fields": {"name": "Can add problem data", "content_type": 21, "codename": "add_problemdata"}}, {"model": "auth.permission", "pk": 112, "fields": {"name": "Can change problem data", "content_type": 21, "codename": "change_problemdata"}}, {"model": "auth.permission", "pk": 113, "fields": {"name": "Can delete problem data", "content_type": 21, "codename": "delete_problemdata"}}, {"model": "auth.permission", "pk": 114, "fields": {"name": "Can view problem data", "content_type": 21, "codename": "view_problemdata"}}, {"model": "auth.permission", "pk": 115, "fields": {"name": "Can add problem group", "content_type": 22, "codename": "add_problemgroup"}}, {"model": "auth.permission", "pk": 116, "fields": {"name": "Can change problem group", "content_type": 22, "codename": "change_problemgroup"}}, {"model": "auth.permission", "pk": 117, "fields": {"name": "Can delete problem group", "content_type": 22, "codename": "delete_problemgroup"}}, {"model": "auth.permission", "pk": 118, "fields": {"name": "Can view problem group", "content_type": 22, "codename": "view_problemgroup"}}, {"model": "auth.permission", "pk": 119, "fields": {"name": "Can add problem test case", "content_type": 23, "codename": "add_problemtestcase"}}, {"model": "auth.permission", "pk": 120, "fields": {"name": "Can change problem test case", "content_type": 23, "codename": "change_problemtestcase"}}, {"model": "auth.permission", "pk": 121, "fields": {"name": "Can delete problem test case", "content_type": 23, "codename": "delete_problemtestcase"}}, {"model": "auth.permission", "pk": 122, "fields": {"name": "Can view problem test case", "content_type": 23, "codename": "view_problemtestcase"}}, {"model": "auth.permission", "pk": 123, "fields": {"name": "Can add problem translation", "content_type": 24, "codename": "add_problemtranslation"}}, {"model": "auth.permission", "pk": 124, "fields": {"name": "Can change problem translation", "content_type": 24, "codename": "change_problemtranslation"}}, {"model": "auth.permission", "pk": 125, "fields": {"name": "Can delete problem translation", "content_type": 24, "codename": "delete_problemtranslation"}}, {"model": "auth.permission", "pk": 126, "fields": {"name": "Can view problem translation", "content_type": 24, "codename": "view_problemtranslation"}}, {"model": "auth.permission", "pk": 127, "fields": {"name": "Can add problem type", "content_type": 25, "codename": "add_problemtype"}}, {"model": "auth.permission", "pk": 128, "fields": {"name": "Can change problem type", "content_type": 25, "codename": "change_problemtype"}}, {"model": "auth.permission", "pk": 129, "fields": {"name": "Can delete problem type", "content_type": 25, "codename": "delete_problemtype"}}, {"model": "auth.permission", "pk": 130, "fields": {"name": "Can view problem type", "content_type": 25, "codename": "view_problemtype"}}, {"model": "auth.permission", "pk": 131, "fields": {"name": "Can add user profile", "content_type": 26, "codename": "add_profile"}}, {"model": "auth.permission", "pk": 132, "fields": {"name": "Can change user profile", "content_type": 26, "codename": "change_profile"}}, {"model": "auth.permission", "pk": 133, "fields": {"name": "Can delete user profile", "content_type": 26, "codename": "delete_profile"}}, {"model": "auth.permission", "pk": 134, "fields": {"name": "Can view user profile", "content_type": 26, "codename": "view_profile"}}, {"model": "auth.permission", "pk": 135, "fields": {"name": "Shows in-progress development stuff", "content_type": 26, "codename": "test_site"}}, {"model": "auth.permission", "pk": 136, "fields": {"name": "Edit TOTP settings", "content_type": 26, "codename": "totp"}}, {"model": "auth.permission", "pk": 137, "fields": {"name": "Can upload image directly to server via martor", "content_type": 26, "codename": "can_upload_image"}}, {"model": "auth.permission", "pk": 138, "fields": {"name": "Can set high problem timelimit", "content_type": 26, "codename": "high_problem_timelimit"}}, {"model": "auth.permission", "pk": 139, "fields": {"name": "Can set long contest duration", "content_type": 26, "codename": "long_contest_duration"}}, {"model": "auth.permission", "pk": 140, "fields": {"name": "Can create unlimitted number of testcases for a problem", "content_type": 26, "codename": "create_mass_testcases"}}, {"model": "auth.permission", "pk": 141, "fields": {"name": "Can add contest rating", "content_type": 27, "codename": "add_rating"}}, {"model": "auth.permission", "pk": 142, "fields": {"name": "Can change contest rating", "content_type": 27, "codename": "change_rating"}}, {"model": "auth.permission", "pk": 143, "fields": {"name": "Can delete contest rating", "content_type": 27, "codename": "delete_rating"}}, {"model": "auth.permission", "pk": 144, "fields": {"name": "Can view contest rating", "content_type": 27, "codename": "view_rating"}}, {"model": "auth.permission", "pk": 145, "fields": {"name": "Can add runtime version", "content_type": 28, "codename": "add_runtimeversion"}}, {"model": "auth.permission", "pk": 146, "fields": {"name": "Can change runtime version", "content_type": 28, "codename": "change_runtimeversion"}}, {"model": "auth.permission", "pk": 147, "fields": {"name": "Can delete runtime version", "content_type": 28, "codename": "delete_runtimeversion"}}, {"model": "auth.permission", "pk": 148, "fields": {"name": "Can view runtime version", "content_type": 28, "codename": "view_runtimeversion"}}, {"model": "auth.permission", "pk": 149, "fields": {"name": "Can add solution", "content_type": 29, "codename": "add_solution"}}, {"model": "auth.permission", "pk": 150, "fields": {"name": "Can change solution", "content_type": 29, "codename": "change_solution"}}, {"model": "auth.permission", "pk": 151, "fields": {"name": "Can delete solution", "content_type": 29, "codename": "delete_solution"}}, {"model": "auth.permission", "pk": 152, "fields": {"name": "Can view solution", "content_type": 29, "codename": "view_solution"}}, {"model": "auth.permission", "pk": 153, "fields": {"name": "See hidden solutions", "content_type": 29, "codename": "see_private_solution"}}, {"model": "auth.permission", "pk": 154, "fields": {"name": "Can add submission", "content_type": 30, "codename": "add_submission"}}, {"model": "auth.permission", "pk": 155, "fields": {"name": "Can change submission", "content_type": 30, "codename": "change_submission"}}, {"model": "auth.permission", "pk": 156, "fields": {"name": "Can delete submission", "content_type": 30, "codename": "delete_submission"}}, {"model": "auth.permission", "pk": 157, "fields": {"name": "Can view submission", "content_type": 30, "codename": "view_submission"}}, {"model": "auth.permission", "pk": 158, "fields": {"name": "Abort any submission", "content_type": 30, "codename": "abort_any_submission"}}, {"model": "auth.permission", "pk": 159, "fields": {"name": "Rejudge the submission", "content_type": 30, "codename": "rejudge_submission"}}, {"model": "auth.permission", "pk": 160, "fields": {"name": "Rejudge a lot of submissions", "content_type": 30, "codename": "rejudge_submission_lot"}}, {"model": "auth.permission", "pk": 161, "fields": {"name": "Submit without limit", "content_type": 30, "codename": "spam_submission"}}, {"model": "auth.permission", "pk": 162, "fields": {"name": "View all submission", "content_type": 30, "codename": "view_all_submission"}}, {"model": "auth.permission", "pk": 163, "fields": {"name": "Resubmit others' submission", "content_type": 30, "codename": "resubmit_other"}}, {"model": "auth.permission", "pk": 164, "fields": {"name": "Change lock status of submission", "content_type": 30, "codename": "lock_submission"}}, {"model": "auth.permission", "pk": 165, "fields": {"name": "Can add submission test case", "content_type": 31, "codename": "add_submissiontestcase"}}, {"model": "auth.permission", "pk": 166, "fields": {"name": "Can change submission test case", "content_type": 31, "codename": "change_submissiontestcase"}}, {"model": "auth.permission", "pk": 167, "fields": {"name": "Can delete submission test case", "content_type": 31, "codename": "delete_submissiontestcase"}}, {"model": "auth.permission", "pk": 168, "fields": {"name": "Can view submission test case", "content_type": 31, "codename": "view_submissiontestcase"}}, {"model": "auth.permission", "pk": 169, "fields": {"name": "Can add ticket", "content_type": 32, "codename": "add_ticket"}}, {"model": "auth.permission", "pk": 170, "fields": {"name": "Can change ticket", "content_type": 32, "codename": "change_ticket"}}, {"model": "auth.permission", "pk": 171, "fields": {"name": "Can delete ticket", "content_type": 32, "codename": "delete_ticket"}}, {"model": "auth.permission", "pk": 172, "fields": {"name": "Can view ticket", "content_type": 32, "codename": "view_ticket"}}, {"model": "auth.permission", "pk": 173, "fields": {"name": "Can add ticket message", "content_type": 33, "codename": "add_ticketmessage"}}, {"model": "auth.permission", "pk": 174, "fields": {"name": "Can change ticket message", "content_type": 33, "codename": "change_ticketmessage"}}, {"model": "auth.permission", "pk": 175, "fields": {"name": "Can delete ticket message", "content_type": 33, "codename": "delete_ticketmessage"}}, {"model": "auth.permission", "pk": 176, "fields": {"name": "Can view ticket message", "content_type": 33, "codename": "view_ticketmessage"}}, {"model": "auth.permission", "pk": 177, "fields": {"name": "Can add submission source", "content_type": 34, "codename": "add_submissionsource"}}, {"model": "auth.permission", "pk": 178, "fields": {"name": "Can change submission source", "content_type": 34, "codename": "change_submissionsource"}}, {"model": "auth.permission", "pk": 179, "fields": {"name": "Can delete submission source", "content_type": 34, "codename": "delete_submissionsource"}}, {"model": "auth.permission", "pk": 180, "fields": {"name": "Can view submission source", "content_type": 34, "codename": "view_submissionsource"}}, {"model": "auth.permission", "pk": 181, "fields": {"name": "Can add contest moss result", "content_type": 35, "codename": "add_contestmoss"}}, {"model": "auth.permission", "pk": 182, "fields": {"name": "Can change contest moss result", "content_type": 35, "codename": "change_contestmoss"}}, {"model": "auth.permission", "pk": 183, "fields": {"name": "Can delete contest moss result", "content_type": 35, "codename": "delete_contestmoss"}}, {"model": "auth.permission", "pk": 184, "fields": {"name": "Can view contest moss result", "content_type": 35, "codename": "view_contestmoss"}}, {"model": "auth.permission", "pk": 185, "fields": {"name": "Can add WebAuthn credential", "content_type": 36, "codename": "add_webauthncredential"}}, {"model": "auth.permission", "pk": 186, "fields": {"name": "Can change WebAuthn credential", "content_type": 36, "codename": "change_webauthncredential"}}, {"model": "auth.permission", "pk": 187, "fields": {"name": "Can delete WebAuthn credential", "content_type": 36, "codename": "delete_webauthncredential"}}, {"model": "auth.permission", "pk": 188, "fields": {"name": "Can view WebAuthn credential", "content_type": 36, "codename": "view_webauthncredential"}}, {"model": "auth.permission", "pk": 189, "fields": {"name": "Can add general issue", "content_type": 37, "codename": "add_generalissue"}}, {"model": "auth.permission", "pk": 190, "fields": {"name": "Can change general issue", "content_type": 37, "codename": "change_generalissue"}}, {"model": "auth.permission", "pk": 191, "fields": {"name": "Can delete general issue", "content_type": 37, "codename": "delete_generalissue"}}, {"model": "auth.permission", "pk": 192, "fields": {"name": "Can view general issue", "content_type": 37, "codename": "view_generalissue"}}, {"model": "auth.permission", "pk": 193, "fields": {"name": "Can add tag", "content_type": 38, "codename": "add_tag"}}, {"model": "auth.permission", "pk": 194, "fields": {"name": "Can change tag", "content_type": 38, "codename": "change_tag"}}, {"model": "auth.permission", "pk": 195, "fields": {"name": "Can delete tag", "content_type": 38, "codename": "delete_tag"}}, {"model": "auth.permission", "pk": 196, "fields": {"name": "Can view tag", "content_type": 38, "codename": "view_tag"}}, {"model": "auth.permission", "pk": 197, "fields": {"name": "Can add tag data", "content_type": 39, "codename": "add_tagdata"}}, {"model": "auth.permission", "pk": 198, "fields": {"name": "Can change tag data", "content_type": 39, "codename": "change_tagdata"}}, {"model": "auth.permission", "pk": 199, "fields": {"name": "Can delete tag data", "content_type": 39, "codename": "delete_tagdata"}}, {"model": "auth.permission", "pk": 200, "fields": {"name": "Can view tag data", "content_type": 39, "codename": "view_tagdata"}}, {"model": "auth.permission", "pk": 201, "fields": {"name": "Can add tag group", "content_type": 40, "codename": "add_taggroup"}}, {"model": "auth.permission", "pk": 202, "fields": {"name": "Can change tag group", "content_type": 40, "codename": "change_taggroup"}}, {"model": "auth.permission", "pk": 203, "fields": {"name": "Can delete tag group", "content_type": 40, "codename": "delete_taggroup"}}, {"model": "auth.permission", "pk": 204, "fields": {"name": "Can view tag group", "content_type": 40, "codename": "view_taggroup"}}, {"model": "auth.permission", "pk": 205, "fields": {"name": "Can add tag problem", "content_type": 41, "codename": "add_tagproblem"}}, {"model": "auth.permission", "pk": 206, "fields": {"name": "Can change tag problem", "content_type": 41, "codename": "change_tagproblem"}}, {"model": "auth.permission", "pk": 207, "fields": {"name": "Can delete tag problem", "content_type": 41, "codename": "delete_tagproblem"}}, {"model": "auth.permission", "pk": 208, "fields": {"name": "Can view tag problem", "content_type": 41, "codename": "view_tagproblem"}}, {"model": "auth.permission", "pk": 209, "fields": {"name": "Can add contest announcement", "content_type": 42, "codename": "add_contestannouncement"}}, {"model": "auth.permission", "pk": 210, "fields": {"name": "Can change contest announcement", "content_type": 42, "codename": "change_contestannouncement"}}, {"model": "auth.permission", "pk": 211, "fields": {"name": "Can delete contest announcement", "content_type": 42, "codename": "delete_contestannouncement"}}, {"model": "auth.permission", "pk": 212, "fields": {"name": "Can view contest announcement", "content_type": 42, "codename": "view_contestannouncement"}}, {"model": "auth.permission", "pk": 213, "fields": {"name": "Can add permission", "content_type": 43, "codename": "add_permission"}}, {"model": "auth.permission", "pk": 214, "fields": {"name": "Can change permission", "content_type": 43, "codename": "change_permission"}}, {"model": "auth.permission", "pk": 215, "fields": {"name": "Can delete permission", "content_type": 43, "codename": "delete_permission"}}, {"model": "auth.permission", "pk": 216, "fields": {"name": "Can view permission", "content_type": 43, "codename": "view_permission"}}, {"model": "auth.permission", "pk": 217, "fields": {"name": "Can add group", "content_type": 44, "codename": "add_group"}}, {"model": "auth.permission", "pk": 218, "fields": {"name": "Can change group", "content_type": 44, "codename": "change_group"}}, {"model": "auth.permission", "pk": 219, "fields": {"name": "Can delete group", "content_type": 44, "codename": "delete_group"}}, {"model": "auth.permission", "pk": 220, "fields": {"name": "Can view group", "content_type": 44, "codename": "view_group"}}, {"model": "auth.permission", "pk": 221, "fields": {"name": "Can add user", "content_type": 45, "codename": "add_user"}}, {"model": "auth.permission", "pk": 222, "fields": {"name": "Can change user", "content_type": 45, "codename": "change_user"}}, {"model": "auth.permission", "pk": 223, "fields": {"name": "Can delete user", "content_type": 45, "codename": "delete_user"}}, {"model": "auth.permission", "pk": 224, "fields": {"name": "Can view user", "content_type": 45, "codename": "view_user"}}, {"model": "auth.permission", "pk": 225, "fields": {"name": "Can add content type", "content_type": 46, "codename": "add_contenttype"}}, {"model": "auth.permission", "pk": 226, "fields": {"name": "Can change content type", "content_type": 46, "codename": "change_contenttype"}}, {"model": "auth.permission", "pk": 227, "fields": {"name": "Can delete content type", "content_type": 46, "codename": "delete_contenttype"}}, {"model": "auth.permission", "pk": 228, "fields": {"name": "Can view content type", "content_type": 46, "codename": "view_contenttype"}}, {"model": "auth.permission", "pk": 229, "fields": {"name": "Can add flat page", "content_type": 47, "codename": "add_flatpage"}}, {"model": "auth.permission", "pk": 230, "fields": {"name": "Can change flat page", "content_type": 47, "codename": "change_flatpage"}}, {"model": "auth.permission", "pk": 231, "fields": {"name": "Can delete flat page", "content_type": 47, "codename": "delete_flatpage"}}, {"model": "auth.permission", "pk": 232, "fields": {"name": "Can view flat page", "content_type": 47, "codename": "view_flatpage"}}, {"model": "auth.permission", "pk": 233, "fields": {"name": "Can add session", "content_type": 48, "codename": "add_session"}}, {"model": "auth.permission", "pk": 234, "fields": {"name": "Can change session", "content_type": 48, "codename": "change_session"}}, {"model": "auth.permission", "pk": 235, "fields": {"name": "Can delete session", "content_type": 48, "codename": "delete_session"}}, {"model": "auth.permission", "pk": 236, "fields": {"name": "Can view session", "content_type": 48, "codename": "view_session"}}, {"model": "auth.permission", "pk": 237, "fields": {"name": "Can add redirect", "content_type": 49, "codename": "add_redirect"}}, {"model": "auth.permission", "pk": 238, "fields": {"name": "Can change redirect", "content_type": 49, "codename": "change_redirect"}}, {"model": "auth.permission", "pk": 239, "fields": {"name": "Can delete redirect", "content_type": 49, "codename": "delete_redirect"}}, {"model": "auth.permission", "pk": 240, "fields": {"name": "Can view redirect", "content_type": 49, "codename": "view_redirect"}}, {"model": "auth.permission", "pk": 241, "fields": {"name": "Can add site", "content_type": 50, "codename": "add_site"}}, {"model": "auth.permission", "pk": 242, "fields": {"name": "Can change site", "content_type": 50, "codename": "change_site"}}, {"model": "auth.permission", "pk": 243, "fields": {"name": "Can delete site", "content_type": 50, "codename": "delete_site"}}, {"model": "auth.permission", "pk": 244, "fields": {"name": "Can view site", "content_type": 50, "codename": "view_site"}}, {"model": "auth.permission", "pk": 245, "fields": {"name": "Can add registration profile", "content_type": 51, "codename": "add_registrationprofile"}}, {"model": "auth.permission", "pk": 246, "fields": {"name": "Can change registration profile", "content_type": 51, "codename": "change_registrationprofile"}}, {"model": "auth.permission", "pk": 247, "fields": {"name": "Can delete registration profile", "content_type": 51, "codename": "delete_registrationprofile"}}, {"model": "auth.permission", "pk": 248, "fields": {"name": "Can view registration profile", "content_type": 51, "codename": "view_registrationprofile"}}, {"model": "auth.permission", "pk": 249, "fields": {"name": "Can add supervised registration profile", "content_type": 52, "codename": "add_supervisedregistrationprofile"}}, {"model": "auth.permission", "pk": 250, "fields": {"name": "Can change supervised registration profile", "content_type": 52, "codename": "change_supervisedregistrationprofile"}}, {"model": "auth.permission", "pk": 251, "fields": {"name": "Can delete supervised registration profile", "content_type": 52, "codename": "delete_supervisedregistrationprofile"}}, {"model": "auth.permission", "pk": 252, "fields": {"name": "Can view supervised registration profile", "content_type": 52, "codename": "view_supervisedregistrationprofile"}}, {"model": "auth.permission", "pk": 253, "fields": {"name": "Can add revision", "content_type": 53, "codename": "add_revision"}}, {"model": "auth.permission", "pk": 254, "fields": {"name": "Can change revision", "content_type": 53, "codename": "change_revision"}}, {"model": "auth.permission", "pk": 255, "fields": {"name": "Can delete revision", "content_type": 53, "codename": "delete_revision"}}, {"model": "auth.permission", "pk": 256, "fields": {"name": "Can view revision", "content_type": 53, "codename": "view_revision"}}, {"model": "auth.permission", "pk": 257, "fields": {"name": "Can add version", "content_type": 54, "codename": "add_version"}}, {"model": "auth.permission", "pk": 258, "fields": {"name": "Can change version", "content_type": 54, "codename": "change_version"}}, {"model": "auth.permission", "pk": 259, "fields": {"name": "Can delete version", "content_type": 54, "codename": "delete_version"}}, {"model": "auth.permission", "pk": 260, "fields": {"name": "Can view version", "content_type": 54, "codename": "view_version"}}, {"model": "auth.permission", "pk": 261, "fields": {"name": "Can add association", "content_type": 55, "codename": "add_association"}}, {"model": "auth.permission", "pk": 262, "fields": {"name": "Can change association", "content_type": 55, "codename": "change_association"}}, {"model": "auth.permission", "pk": 263, "fields": {"name": "Can delete association", "content_type": 55, "codename": "delete_association"}}, {"model": "auth.permission", "pk": 264, "fields": {"name": "Can view association", "content_type": 55, "codename": "view_association"}}, {"model": "auth.permission", "pk": 265, "fields": {"name": "Can add code", "content_type": 56, "codename": "add_code"}}, {"model": "auth.permission", "pk": 266, "fields": {"name": "Can change code", "content_type": 56, "codename": "change_code"}}, {"model": "auth.permission", "pk": 267, "fields": {"name": "Can delete code", "content_type": 56, "codename": "delete_code"}}, {"model": "auth.permission", "pk": 268, "fields": {"name": "Can view code", "content_type": 56, "codename": "view_code"}}, {"model": "auth.permission", "pk": 269, "fields": {"name": "Can add nonce", "content_type": 57, "codename": "add_nonce"}}, {"model": "auth.permission", "pk": 270, "fields": {"name": "Can change nonce", "content_type": 57, "codename": "change_nonce"}}, {"model": "auth.permission", "pk": 271, "fields": {"name": "Can delete nonce", "content_type": 57, "codename": "delete_nonce"}}, {"model": "auth.permission", "pk": 272, "fields": {"name": "Can view nonce", "content_type": 57, "codename": "view_nonce"}}, {"model": "auth.permission", "pk": 273, "fields": {"name": "Can add user social auth", "content_type": 58, "codename": "add_usersocialauth"}}, {"model": "auth.permission", "pk": 274, "fields": {"name": "Can change user social auth", "content_type": 58, "codename": "change_usersocialauth"}}, {"model": "auth.permission", "pk": 275, "fields": {"name": "Can delete user social auth", "content_type": 58, "codename": "delete_usersocialauth"}}, {"model": "auth.permission", "pk": 276, "fields": {"name": "Can view user social auth", "content_type": 58, "codename": "view_usersocialauth"}}, {"model": "auth.permission", "pk": 277, "fields": {"name": "Can add partial", "content_type": 59, "codename": "add_partial"}}, {"model": "auth.permission", "pk": 278, "fields": {"name": "Can change partial", "content_type": 59, "codename": "change_partial"}}, {"model": "auth.permission", "pk": 279, "fields": {"name": "Can delete partial", "content_type": 59, "codename": "delete_partial"}}, {"model": "auth.permission", "pk": 280, "fields": {"name": "Can view partial", "content_type": 59, "codename": "view_partial"}}, {"model": "auth.permission", "pk": 281, "fields": {"name": "Can add impersonation log", "content_type": 60, "codename": "add_impersonationlog"}}, {"model": "auth.permission", "pk": 282, "fields": {"name": "Can change impersonation log", "content_type": 60, "codename": "change_impersonationlog"}}, {"model": "auth.permission", "pk": 283, "fields": {"name": "Can delete impersonation log", "content_type": 60, "codename": "delete_impersonationlog"}}, {"model": "auth.permission", "pk": 284, "fields": {"name": "Can view impersonation log", "content_type": 60, "codename": "view_impersonationlog"}}, {"model": "auth.user", "pk": 1, "fields": {"password": "pbkdf2_sha256$150000$3kLfAN1Tdhtd$sjNlVAr7MLx3+ulPSG19UH3U2um15TWWjJuOOmSwwL0=", "last_login": "2022-03-11T12:08:36.698Z", "is_superuser": true, "username": "admin", "first_name": "", "last_name": "", "email": "", "is_staff": true, "is_active": true, "date_joined": "2017-12-02T08:34:17.408Z", "groups": [], "user_permissions": []}}, {"model": "auth.user", "pk": 2, "fields": {"password": "pbkdf2_sha256$150000$EsGug5mx64jX$cUHAMfvmzvhQ1UN3WS0e0w07JGDJ5zEC+wykqipkri4=", "last_login": "2022-03-11T13:37:14.569Z", "is_superuser": true, "username": "pvviet", "first_name": "Phan Van Viet", "last_name": "", "email": "pvviet001@gmail.com", "is_staff": true, "is_active": true, "date_joined": "2022-03-11T06:11:15.982Z", "groups": [], "user_permissions": [135]}}, {"model": "auth.user", "pk": 7, "fields": {"password": "pbkdf2_sha256$150000$bgAcB4YqevBV$vqKm0YF7cUKPH7bJLaSyMa6DwqVH/QieXwbxrQUJE7E=", "last_login": "2022-03-11T11:54:20.206Z", "is_superuser": false, "username": "ntdung", "first_name": "Nguy\u1ec5n T\u1ea5n D\u0169ng", "last_name": "", "email": "ntdxl05@gmail.com", "is_staff": false, "is_active": true, "date_joined": "2022-03-11T11:53:16.711Z", "groups": [], "user_permissions": []}}, {"model": "registration.registrationprofile", "pk": 5, "fields": {"user": 7, "activation_key": "5f5e6f86a4b0bc4743dff7d7f3d58c809fb506c7259e29b9fd7192b11e4f5ba0", "activated": true}}, {"model": "reversion.revision", "pk": 1, "fields": {"date_created": "2022-03-11T06:58:02.394Z", "user": 2, "comment": "Added."}}, {"model": "reversion.revision", "pk": 2, "fields": {"date_created": "2022-03-11T08:17:57.187Z", "user": 2, "comment": "Changed description and points."}}, {"model": "reversion.revision", "pk": 3, "fields": {"date_created": "2022-03-11T08:25:39.118Z", "user": 2, "comment": "Cloned problem from aplusb"}}, {"model": "reversion.revision", "pk": 4, "fields": {"date_created": "2022-03-11T08:26:13.094Z", "user": 2, "comment": "Edited from site"}}, {"model": "reversion.revision", "pk": 5, "fields": {"date_created": "2022-03-11T08:27:49.359Z", "user": 2, "comment": "No fields changed."}}, {"model": "reversion.revision", "pk": 6, "fields": {"date_created": "2022-03-11T09:03:53.573Z", "user": 2, "comment": "Edited from site"}}, {"model": "reversion.revision", "pk": 7, "fields": {"date_created": "2022-03-11T09:04:08.635Z", "user": 2, "comment": "Edited from site"}}, {"model": "reversion.revision", "pk": 8, "fields": {"date_created": "2022-03-11T09:04:27.419Z", "user": 2, "comment": "Edited from site"}}, {"model": "reversion.revision", "pk": 9, "fields": {"date_created": "2022-03-11T09:05:03.241Z", "user": 2, "comment": "Changed content."}}, {"model": "reversion.revision", "pk": 10, "fields": {"date_created": "2022-03-11T09:53:01.639Z", "user": 2, "comment": "Edited from site"}}, {"model": "reversion.revision", "pk": 11, "fields": {"date_created": "2022-03-11T09:56:20.413Z", "user": 2, "comment": "Changed allowed_languages."}}, {"model": "reversion.revision", "pk": 12, "fields": {"date_created": "2022-03-11T09:58:00.610Z", "user": 2, "comment": "Edited from site"}}, {"model": "reversion.revision", "pk": 13, "fields": {"date_created": "2022-03-11T10:21:08.240Z", "user": 2, "comment": "No fields changed."}}, {"model": "reversion.revision", "pk": 14, "fields": {"date_created": "2022-03-11T11:05:19.379Z", "user": 2, "comment": "Created on site"}}, {"model": "reversion.revision", "pk": 15, "fields": {"date_created": "2022-03-11T11:05:55.277Z", "user": 2, "comment": "Edited from site"}}, {"model": "reversion.revision", "pk": 16, "fields": {"date_created": "2022-03-11T11:08:22.123Z", "user": 2, "comment": "Edited from site"}}, {"model": "reversion.revision", "pk": 17, "fields": {"date_created": "2022-03-11T12:11:15.473Z", "user": 1, "comment": "Edited from site"}}, {"model": "reversion.revision", "pk": 18, "fields": {"date_created": "2022-03-11T12:13:05.169Z", "user": 1, "comment": "Changed content."}}, {"model": "reversion.revision", "pk": 19, "fields": {"date_created": "2022-03-11T13:43:04.516Z", "user": 2, "comment": "Changed display_rank."}}, {"model": "reversion.revision", "pk": 20, "fields": {"date_created": "2022-03-11T13:44:05.195Z", "user": 2, "comment": "Updated on site"}}, {"model": "judge.profile", "pk": 1, "fields": {"user": 1, "about": "", "timezone": "Asia/Ho_Chi_Minh", "language": 1, "points": 0.0, "performance_points": 0.0, "contribution_points": 0, "problem_count": 0, "ace_theme": "github", "last_access": "2022-03-11T13:53:01.977Z", "ip": "171.236.56.61", "display_rank": "admin", "mute": false, "is_unlisted": false, "ban_reason": null, "allow_tagging": true, "rating": null, "user_script": "", "current_contest": null, "math_engine": "auto", "is_totp_enabled": false, "is_webauthn_enabled": false, "totp_key": null, "scratch_codes": null, "last_totp_timecode": 0, "api_token": null, "notes": null, "data_last_downloaded": null, "username_display_override": "", "organizations": [1]}}, {"model": "judge.profile", "pk": 2, "fields": {"user": 2, "about": "", "timezone": "Asia/Ho_Chi_Minh", "language": 3, "points": 1.0, "performance_points": 1.05, "contribution_points": 0, "problem_count": 1, "ace_theme": "github", "last_access": "2022-03-11T14:09:46.459Z", "ip": "171.236.56.61", "display_rank": "admin", "mute": false, "is_unlisted": false, "ban_reason": "", "allow_tagging": true, "rating": null, "user_script": "", "current_contest": null, "math_engine": "auto", "is_totp_enabled": false, "is_webauthn_enabled": false, "totp_key": null, "scratch_codes": null, "last_totp_timecode": 0, "api_token": null, "notes": "", "data_last_downloaded": null, "username_display_override": "", "organizations": [1]}}, {"model": "judge.profile", "pk": 7, "fields": {"user": 7, "about": null, "timezone": "Asia/Ho_Chi_Minh", "language": 3, "points": 0.0, "performance_points": 0.0, "contribution_points": 0, "problem_count": 0, "ace_theme": "github", "last_access": "2022-03-11T11:54:21.820Z", "ip": "171.236.56.61", "display_rank": "user", "mute": false, "is_unlisted": false, "ban_reason": null, "allow_tagging": true, "rating": null, "user_script": "", "current_contest": null, "math_engine": "auto", "is_totp_enabled": false, "is_webauthn_enabled": false, "totp_key": null, "scratch_codes": null, "last_totp_timecode": 0, "api_token": null, "notes": null, "data_last_downloaded": null, "username_display_override": "", "organizations": []}}, {"model": "admin.logentry", "pk": 1, "fields": {"action_time": "2022-03-11T06:12:19.481Z", "user": 2, "content_type": 45, "object_id": "1", "object_repr": "admin", "action_flag": 2, "change_message": "[{\"changed\": {\"fields\": [\"password\"]}}]"}}, {"model": "admin.logentry", "pk": 2, "fields": {"action_time": "2022-03-11T06:58:02.661Z", "user": 2, "content_type": 11, "object_id": "1", "object_repr": "oi_judge00", "action_flag": 1, "change_message": "[{\"added\": {}}]"}}, {"model": "admin.logentry", "pk": 3, "fields": {"action_time": "2022-03-11T08:17:57.673Z", "user": 2, "content_type": 19, "object_id": "1", "object_repr": "A Plus B", "action_flag": 2, "change_message": "[{\"changed\": {\"fields\": [\"description\", \"points\"]}}]"}}, {"model": "admin.logentry", "pk": 4, "fields": {"action_time": "2022-03-11T08:27:49.363Z", "user": 2, "content_type": 11, "object_id": "1", "object_repr": "oi_judge00", "action_flag": 2, "change_message": "[]"}}, {"model": "admin.logentry", "pk": 5, "fields": {"action_time": "2022-03-11T09:05:03.253Z", "user": 2, "content_type": 47, "object_id": "2", "object_repr": "/about/ -- Th\u00f4ng tin", "action_flag": 2, "change_message": "[{\"changed\": {\"fields\": [\"content\"]}}]"}}, {"model": "admin.logentry", "pk": 6, "fields": {"action_time": "2022-03-11T09:56:20.591Z", "user": 2, "content_type": 19, "object_id": "1", "object_repr": "A Plus B", "action_flag": 2, "change_message": "[{\"changed\": {\"fields\": [\"allowed_languages\"]}}]"}}, {"model": "admin.logentry", "pk": 7, "fields": {"action_time": "2022-03-11T10:07:44.954Z", "user": 2, "content_type": 45, "object_id": "3", "object_repr": "ntdung", "action_flag": 3, "change_message": ""}}, {"model": "admin.logentry", "pk": 8, "fields": {"action_time": "2022-03-11T10:11:41.421Z", "user": 2, "content_type": 45, "object_id": "4", "object_repr": "ntdung", "action_flag": 3, "change_message": ""}}, {"model": "admin.logentry", "pk": 9, "fields": {"action_time": "2022-03-11T10:15:01.221Z", "user": 2, "content_type": 45, "object_id": "5", "object_repr": "ntdung", "action_flag": 3, "change_message": ""}}, {"model": "admin.logentry", "pk": 10, "fields": {"action_time": "2022-03-11T10:21:08.300Z", "user": 2, "content_type": 19, "object_id": "1", "object_repr": "A Plus B", "action_flag": 2, "change_message": "[]"}}, {"model": "admin.logentry", "pk": 11, "fields": {"action_time": "2022-03-11T11:52:48.528Z", "user": 2, "content_type": 45, "object_id": "6", "object_repr": "ntdung", "action_flag": 3, "change_message": ""}}, {"model": "admin.logentry", "pk": 12, "fields": {"action_time": "2022-03-11T12:13:05.179Z", "user": 1, "content_type": 47, "object_id": "2", "object_repr": "/about/ -- Th\u00f4ng tin", "action_flag": 2, "change_message": "[{\"changed\": {\"fields\": [\"content\"]}}]"}}, {"model": "admin.logentry", "pk": 13, "fields": {"action_time": "2022-03-11T12:52:31.321Z", "user": 2, "content_type": 19, "object_id": "2", "object_repr": "A Plus B", "action_flag": 3, "change_message": ""}}, {"model": "admin.logentry", "pk": 14, "fields": {"action_time": "2022-03-11T13:43:04.540Z", "user": 2, "content_type": 26, "object_id": "2", "object_repr": "pvviet", "action_flag": 2, "change_message": "[{\"changed\": {\"fields\": [\"display_rank\"]}}]"}}]